# NASA/JPL Horizons target 399, center 500@10, ECLIPTIC/ICRF, AU-D
# Voyager mission-date anchors plus 2030 endpoint; retrieved 2026-09-22.
julian_date,x_au,y_au,z_au
2443376.500000000,8.592694698593615E-01,-5.338542360579698E-01,-2.328732248400298E-05
2444063.500000000,2.888682339277640E-01,-9.747454256100280E-01,-4.600647238356704E-05
2444841.500000000,8.921901112903752E-01,-4.750308570801148E-01,-1.519916425574820E-05
2446454.500000000,-5.489915842207858E-01,8.170084638373402E-01,2.173928145723023E-05
2447763.500000000,8.918494873001022E-01,-4.757294539621925E-01,-1.036584528005870E-05
2458427.500000000,7.339377427218007E-01,6.668470597981014E-01,-3.496428950966610E-05
2462502.500000000,-1.738559342884080E-01,9.678616961981825E-01,-6.371886579192515E-05
