# NASA/JPL Horizons target 499, center 500@10, ECLIPTIC/ICRF, AU-D
# Voyager mission-date anchors plus 2030 endpoint; retrieved 2026-09-22.
julian_date,x_au,y_au,z_au
2443376.500000000,1.040412901048096E+00,1.025406392722297E+00,-4.152215971773068E-03
2444063.500000000,1.039828402645703E+00,1.025962667963868E+00,-4.115904056016937E-03
2444841.500000000,-6.764671127705754E-02,1.574157627666236E+00,3.463573074239575E-02
2446454.500000000,-1.520772805385174E+00,-5.549742456073976E-01,2.580072707009410E-02
2447763.500000000,-1.638689212338329E+00,2.631077072087954E-01,4.582183748682921E-02
2458427.500000000,1.386866503807721E+00,1.785117473921050E-01,-3.029011074391502E-02
2462502.500000000,1.278622087587370E+00,-5.212680377259730E-01,-4.227172872477204E-02
