# NASA/JPL Horizons target 899 (neptune), center 500@10, ECLIPTIC/ICRF, AU and AU/day
# State vectors 1977-08-21..2030-01-02 every 30d; retrieved 2026-09-24 by scripts/fetch_horizons.ps1
julian_date,x_au,y_au,z_au,vx_au_d,vy_au_d,vz_au_d
2443376.500000000,-7.565075068465505E+00,-2.931828267082665E+01,7.780792054448282E-01,3.011147636232471E-03,-7.665698614764309E-04,-5.356542910454529E-05
2443406.500000000,-7.474692077579393E+00,-2.934113672417966E+01,7.764686166960452E-01,3.013477739319398E-03,-7.573208178986231E-04,-5.357102027998820E-05
2443436.500000000,-7.384238380897245E+00,-2.936372065886601E+01,7.748507084451234E-01,3.016034099066874E-03,-7.480690673900533E-04,-5.368035648136936E-05
2443466.500000000,-7.293713162450755E+00,-2.938603383244104E+01,7.732253594570316E-01,3.018713616990373E-03,-7.388713095286363E-04,-5.394695357464212E-05
2443496.500000000,-7.203116752140859E+00,-2.940807532107988E+01,7.715925186501987E-01,3.021365196673459E-03,-7.298091634746143E-04,-5.436511015015331E-05
2443526.500000000,-7.112449824126032E+00,-2.942984475486572E+01,7.699521312792103E-01,3.023870781738948E-03,-7.208934744771387E-04,-5.486433529788569E-05
2443556.500000000,-7.021713204765452E+00,-2.945134157964782E+01,7.683042402604056E-01,3.026136308280493E-03,-7.120534721448170E-04,-5.533400210756982E-05
2443586.500000000,-6.930908060393501E+00,-2.947256586504437E+01,7.666489546478306E-01,3.028190528468158E-03,-7.032114451056238E-04,-5.568298295079490E-05
2443616.500000000,-6.840034603819795E+00,-2.949351812081055E+01,7.649863141865829E-01,3.030171735124034E-03,-6.942603044609991E-04,-5.587194616551826E-05
2443646.500000000,-6.749092452294604E+00,-2.951419777493695E+01,7.633163782800659E-01,3.032192415067586E-03,-6.851180996544218E-04,-5.592105459621793E-05
2443676.500000000,-6.658081642864062E+00,-2.953460384920804E+01,7.616391938279949E-01,3.034354879940950E-03,-6.757957574802731E-04,-5.591186320878851E-05
2443706.500000000,-6.567002287363773E+00,-2.955473524701054E+01,7.599547135869859E-01,3.036713915011133E-03,-6.663537701460550E-04,-5.595277746484108E-05
2443736.500000000,-6.475855341691333E+00,-2.957459041342064E+01,7.582629318038576E-01,3.039186066185766E-03,-6.569146351551050E-04,-5.612780884410172E-05
2443766.500000000,-6.384642727142889E+00,-2.959416892263179E+01,7.565638413154213E-01,3.041655191592940E-03,-6.476199871104423E-04,-5.646567783883640E-05
2443796.500000000,-6.293365750267728E+00,-2.961347152807832E+01,7.548573553624216E-01,3.044030588595890E-03,-6.385109083739555E-04,-5.692738673627664E-05
2443826.500000000,-6.202025174159769E+00,-2.963249887258431E+01,7.531434537649087E-01,3.046219432739466E-03,-6.295595063621794E-04,-5.742277442215521E-05
2443856.500000000,-6.110621247642030E+00,-2.965125181058249E+01,7.514221404954741E-01,3.048217502755904E-03,-6.206834568796001E-04,-5.784914496194060E-05
2443886.500000000,-6.019153055316552E+00,-2.966973051928849E+01,7.496933922466885E-01,3.050103022477299E-03,-6.117166560462227E-04,-5.812807374853957E-05
2443916.500000000,-5.927620006846440E+00,-2.968793350064599E+01,7.479573047238826E-01,3.051953924050815E-03,-6.025436313437019E-04,-5.824272863964853E-05
2443946.500000000,-5.836022581682273E+00,-2.970585908634213E+01,7.462140015412996E-01,3.053876187339863E-03,-5.931599984911369E-04,-5.825003824747319E-05
2443976.500000000,-5.744361528072919E+00,-2.972350589364408E+01,7.444635329496804E-01,3.055947784474097E-03,-5.836116058218000E-04,-5.824743655444320E-05
2444006.500000000,-5.652638353784933E+00,-2.974087274203605E+01,7.427059627712228E-01,3.058151329954107E-03,-5.740240602999310E-04,-5.833447230319489E-05
2444036.500000000,-5.560854700721842E+00,-2.975795975916949E+01,7.409412577762022E-01,3.060443307380528E-03,-5.645426492615182E-04,-5.857953417714469E-05
2444066.500000000,-5.469011065077024E+00,-2.977476752025112E+01,7.391692642062455E-01,3.062736994246705E-03,-5.552207327788465E-04,-5.898297461369527E-05
2444096.500000000,-5.377107774956562E+00,-2.979129591506983E+01,7.373898934936826E-01,3.064895154082794E-03,-5.460551297816569E-04,-5.947478928203909E-05
2444126.500000000,-5.285145220039723E+00,-2.980754470969184E+01,7.356030898661284E-01,3.066850113141513E-03,-5.369737766015088E-04,-5.995063732903973E-05
2444156.500000000,-5.193123586581865E+00,-2.982351303922515E+01,7.338088499220139E-01,3.068603746159571E-03,-5.278367335418323E-04,-6.031266521222190E-05
2444186.500000000,-5.101044109344760E+00,-2.983919957449215E+01,7.320073411059496E-01,3.070201092740090E-03,-5.185672993328267E-04,-6.050958225589926E-05
2444216.500000000,-5.008908427920663E+00,-2.985460398566019E+01,7.301987328732715E-01,3.071777900782392E-03,-5.091438336876140E-04,-6.055937889272947E-05
2444246.500000000,-4.916717302916338E+00,-2.986972636908853E+01,7.283831082748635E-01,3.073476755700220E-03,-4.995614657184163E-04,-6.054029879443478E-05
2444276.500000000,-4.824471322403989E+00,-2.988456675756921E+01,7.265605266506602E-01,3.075364785718119E-03,-4.899106438031387E-04,-6.056268362447033E-05
2444306.500000000,-4.732170455743932E+00,-2.989912546852751E+01,7.247309043933242E-01,3.077445229282699E-03,-4.802988286443747E-04,-6.071970928430364E-05
2444336.500000000,-4.639813874284310E+00,-2.991340184036471E+01,7.228940684798497E-01,3.079613280241578E-03,-4.707597025304526E-04,-6.104166632535987E-05
2444366.500000000,-4.547401795176549E+00,-2.992739418153560E+01,7.210499392418025E-01,3.081699541432853E-03,-4.613267249555443E-04,-6.149332233121635E-05
2444396.500000000,-4.454935434137440E+00,-2.994110107551992E+01,7.191984786629663E-01,3.083582748770636E-03,-4.519941200935154E-04,-6.198909109767376E-05
2444426.500000000,-4.362416380871568E+00,-2.995452118712977E+01,7.173397284116877E-01,3.085192725844643E-03,-4.426750197572655E-04,-6.241738868439417E-05
2444456.500000000,-4.269847097819303E+00,-2.996765384972560E+01,7.154738611040153E-01,3.086561493970414E-03,-4.333018657555780E-04,-6.269639057431348E-05
2444486.500000000,-4.177229541083031E+00,-2.998049972376422E+01,7.136010006106138E-01,3.087850076490981E-03,-4.238201963657458E-04,-6.281288751942890E-05
2444516.500000000,-4.084564278225403E+00,-2.999305936010558E+01,7.117212081885268E-01,3.089210837863447E-03,-4.141817449338752E-04,-6.281615640721955E-05
2444546.500000000,-3.991851563910627E+00,-3.000533290123707E+01,7.098345269541255E-01,3.090743608364920E-03,-4.044237259035168E-04,-6.280157580140224E-05
2444576.500000000,-3.899091132138442E+00,-3.001732026501970E+01,7.079408802475707E-01,3.092494112250395E-03,-3.946158729241933E-04,-6.287513948133685E-05
2444606.500000000,-3.806282668941729E+00,-3.002902018961022E+01,7.060401773320690E-01,3.094368827004008E-03,-3.848269097141369E-04,-6.310291003992371E-05
2444636.500000000,-3.713427236827768E+00,-3.004043125221149E+01,7.041324059030385E-01,3.096208118553829E-03,-3.751581155423570E-04,-6.348735553356587E-05
2444666.500000000,-3.620526332239411E+00,-3.005155292605890E+01,7.022175325430370E-01,3.097893911768932E-03,-3.656412113225599E-04,-6.396562929769802E-05
2444696.500000000,-3.527581285210974E+00,-3.006238471063885E+01,7.002955772455367E-01,3.099337373796946E-03,-3.562125662434371E-04,-6.443279883465206E-05
2444726.500000000,-3.434593665981095E+00,-3.007292655946520E+01,6.983666316205502E-01,3.100549791930336E-03,-3.467993382111604E-04,-6.479373184169657E-05
2444756.500000000,-3.341564176395663E+00,-3.008317879632579E+01,6.964307290831289E-01,3.101649890496529E-03,-3.372902082770833E-04,-6.499631883925757E-05
2444786.500000000,-3.248492907065966E+00,-3.009314057783778E+01,6.944879263138414E-01,3.102744728686570E-03,-3.275767393368744E-04,-6.504737244895161E-05
2444816.500000000,-3.155380696101751E+00,-3.010281060875110E+01,6.925383121013523E-01,3.103936953216038E-03,-3.176656256342330E-04,-6.502345298693541E-05
2444846.500000000,-3.062228672470622E+00,-3.011218789528230E+01,6.905818960147722E-01,3.105292785315041E-03,-3.076355208500184E-04,-6.503391067809732E-05
2444876.500000000,-2.969038423809536E+00,-3.012127133953577E+01,6.886186996226163E-01,3.106751603079147E-03,-2.976033771395995E-04,-6.516531600083299E-05
2444906.500000000,-2.875812171611799E+00,-3.013006096918517E+01,6.866487336468214E-01,3.108224818273806E-03,-2.877099916420113E-04,-6.545836225311732E-05
2444936.500000000,-2.782551236174442E+00,-3.013855790604068E+01,6.846719055118330E-01,3.109638829358250E-03,-2.780126539751660E-04,-6.588992758220109E-05
2444966.500000000,-2.689256066785566E+00,-3.014676271769281E+01,6.826881643035629E-01,3.110885244264905E-03,-2.684755788634020E-04,-6.637293366989366E-05
2444996.500000000,-2.595926895363331E+00,-3.015467563397164E+01,6.806975077180869E-01,3.111928554633773E-03,-2.590042550343715E-04,-6.679967830433746E-05
2445026.500000000,-2.502563384008632E+00,-3.016229613790097E+01,6.786999270065091E-01,3.112824306447388E-03,-2.494391750341611E-04,-6.708680363443229E-05
2445056.500000000,-2.409165881133059E+00,-3.016962221467255E+01,6.766955452404269E-01,3.113626832042827E-03,-2.396699708446908E-04,-6.720721498043017E-05
2445086.500000000,-2.315736107138902E+00,-3.017665210842382E+01,6.746845360060125E-01,3.114433355948243E-03,-2.296972331388720E-04,-6.720529215478182E-05
2445116.500000000,-2.222275908007282E+00,-3.018338495300164E+01,6.726669806120231E-01,3.115350074396787E-03,-2.195656289987996E-04,-6.717392892333269E-05
2445146.500000000,-2.128787323781701E+00,-3.018982018910406E+01,6.706429464284182E-01,3.116393219667126E-03,-2.093899189710694E-04,-6.721847706331095E-05
2445176.500000000,-2.035272267365668E+00,-3.019595837950184E+01,6.686124047886706E-01,3.117535017469690E-03,-1.993179606740936E-04,-6.741768843732084E-05
2445206.500000000,-1.941731383202853E+00,-3.020180039665249E+01,6.665751932459693E-01,3.118695459579058E-03,-1.894040938245005E-04,-6.777993306480279E-05
2445236.500000000,-1.848165122862756E+00,-3.020734606601449E+01,6.645312193737513E-01,3.119729565453074E-03,-1.796400373239281E-04,-6.824245766664676E-05
2445266.500000000,-1.754574393250830E+00,-3.021259499962735E+01,6.624804570488159E-01,3.120549997578932E-03,-1.699759608068563E-04,-6.870717071561609E-05
2445296.500000000,-1.660960083060434E+00,-3.021754654860917E+01,6.604229311612982E-01,3.121142083811805E-03,-1.602935404399385E-04,-6.907134135617307E-05
2445326.500000000,-1.567323916249152E+00,-3.022219971309513E+01,6.583588291572113E-01,3.121540319410135E-03,-1.505046465706971E-04,-6.927013924779153E-05
2445356.500000000,-1.473667912859862E+00,-3.022655448484252E+01,6.562883408349960E-01,3.121886232558485E-03,-1.405737725048101E-04,-6.931307992900004E-05
2445386.500000000,-1.379993043069022E+00,-3.023061126966679E+01,6.542115453534439E-01,3.122338122071698E-03,-1.304836625913332E-04,-6.927432768053260E-05
2445416.500000000,-1.286300015673557E+00,-3.023437001671054E+01,6.521284972536738E-01,3.122962477968074E-03,-1.203025579059869E-04,-6.926002342890752E-05
2445446.500000000,-1.192589262703368E+00,-3.023783073913426E+01,6.500391295301402E-01,3.123762691877778E-03,-1.101283037744267E-04,-6.936651569552536E-05
2445476.500000000,-1.098860742959032E+00,-3.024099267001073E+01,6.479432855707392E-01,3.124646778744082E-03,-1.000078920611833E-04,-6.963730686153553E-05
2445506.500000000,-1.005115655346670E+00,-3.024385420697666E+01,6.458409176655142E-01,3.125438130019215E-03,-9.000540506419397E-05,-7.004910527307492E-05
2445536.500000000,-9.113562838009804E-01,-3.024641449011835E+01,6.437320256950870E-01,3.126003559340269E-03,-8.014517891349108E-05,-7.051956764086669E-05
2445566.500000000,-8.175848803975257E-01,-3.024867323497415E+01,6.416166513047957E-01,3.126285599899484E-03,-7.034725378406731E-05,-7.093659221409364E-05
2445596.500000000,-7.238040586799513E-01,-3.025063069891539E+01,6.394949573860332E-01,3.126319496210403E-03,-6.054123916700666E-05,-7.121522333431011E-05
2445626.500000000,-6.300156955475991E-01,-3.025228819627185E+01,6.373670647325477E-01,3.126254820545001E-03,-5.066276454176105E-05,-7.133099974095407E-05
2445656.500000000,-5.362200842499832E-01,-3.025364663801072E+01,6.352330205123125E-01,3.126246250973367E-03,-4.062698195661253E-05,-7.131918117780595E-05
2445686.500000000,-4.424173842844265E-01,-3.025470596297327E+01,6.330928851605723E-01,3.126394375997728E-03,-3.044215636146541E-05,-7.127046872761683E-05
2445716.500000000,-3.486077931913111E-01,-3.025546576603693E+01,6.309466331448440E-01,3.126741735826910E-03,-2.018459605070651E-05,-7.129567980546367E-05
2445746.500000000,-2.547917143648005E-01,-3.025592481320648E+01,6.287942094943296E-01,3.127201765179285E-03,-9.934594762632958E-06,-7.146802707925994E-05
2445776.500000000,-1.609710010687524E-01,-3.025608193399467E+01,6.266356319751526E-01,3.127619843669334E-03,1.933074364008946E-07,-7.179892460514784E-05
2445806.500000000,-6.714790298054786E-02,-3.025593717753809E+01,6.244708797838928E-01,3.127886188953412E-03,1.014296382559104E-05,-7.223767614434388E-05
2445836.500000000,2.667588535864106E-02,-3.025549081625107E+01,6.222999441584391E-01,3.127916598294796E-03,1.996524044162463E-05,-7.268588018350345E-05
2445866.500000000,1.204986019094653E-01,-3.025474330218754E+01,6.201228969920162E-01,3.127699879505131E-03,2.973568662353038E-05,-7.304107930459054E-05
2445896.500000000,2.143192081872743E-01,-3.025369530035741E+01,6.179397739458542E-01,3.127336578004285E-03,3.957598369597731E-05,-7.323904835673075E-05
2445926.500000000,3.081372065663456E-01,-3.025234632119795E+01,6.157506409624410E-01,3.126933401406464E-03,4.960688482892298E-05,-7.327858241905206E-05
2445956.500000000,4.019511110735181E-01,-3.025069546290174E+01,6.135556349187856E-01,3.126585393695462E-03,5.981873321528794E-05,-7.322813046104195E-05
2445986.500000000,4.957590825707754E-01,-3.024874252281282E+01,6.113548203467863E-01,3.126371124735271E-03,7.013076669071604E-05,-7.319187923825668E-05
2446016.500000000,5.895593237322014E-01,-3.024648745584360E+01,6.091482338006227E-01,3.126269939793298E-03,8.043935483825560E-05,-7.326332883737177E-05
2446046.500000000,6.833497437608749E-01,-3.024393110492776E+01,6.069358923501635E-01,3.126215017533922E-03,9.060140254064613E-05,-7.349738419652602E-05
2446076.500000000,7.771292592775014E-01,-3.024107513967715E+01,6.047176952220146E-01,3.126132049330772E-03,1.005513433374804E-04,-7.388117119004831E-05
2446106.500000000,8.708977372966137E-01,-3.023792028595945E+01,6.024935604490936E-01,3.125898932040125E-03,1.103376443009943E-04,-7.433113480841304E-05
2446136.500000000,9.646547722870791E-01,-3.023446655635811E+01,6.002634860579922E-01,3.125450971869768E-03,1.200512333840485E-04,-7.474001634992079E-05
2446166.500000000,1.058399895981670E+00,-3.023071345314628E+01,5.980274891317320E-01,3.124816747638196E-03,1.298250639218253E-04,-7.502039717915427E-05
2446196.500000000,1.152131851294337E+00,-3.022665946955891E+01,5.957857157334689E-01,3.124033642930205E-03,1.397631505013990E-04,-7.513174837716835E-05
2446226.500000000,1.245848065652761E+00,-3.022230377234165E+01,5.935383741577051E-01,3.123204385854344E-03,1.498707169752481E-04,-7.510539337658675E-05
2446256.500000000,1.339546174775481E+00,-3.021764680955649E+01,5.912855638321786E-01,3.122470757167632E-03,1.601049336015101E-04,-7.503348037790377E-05
2446286.500000000,1.433224257230536E+00,-3.021268925667132E+01,5.890273413392509E-01,3.121874602797502E-03,1.703639639003061E-04,-7.502493386756779E-05
2446316.500000000,1.526880725270330E+00,-3.020743252440607E+01,5.867636753361595E-01,3.121396343697513E-03,1.805143376350275E-04,-7.516215036786036E-05
2446346.500000000,1.620515210150626E+00,-3.020187810754235E+01,5.844944003121716E-01,3.120969897122148E-03,1.905041172071315E-04,-7.546486197956229E-05
2446376.500000000,1.714127474965495E+00,-3.019602618667867E+01,5.822194248874842E-01,3.120443235086001E-03,2.003324848057113E-04,-7.588262769486298E-05
2446406.500000000,1.807716454643659E+00,-3.018987671090223E+01,5.799387525699047E-01,3.119701734856472E-03,2.100262557313469E-04,-7.631980856262129E-05
2446436.500000000,1.901280967957322E+00,-3.018342974104889E+01,5.776524280845565E-01,3.118720482043829E-03,2.196903885857258E-04,-7.666847157831280E-05
2446466.500000000,1.994819274048064E+00,-3.017668506326926E+01,5.753606370022416E-01,3.117530619148132E-03,2.294225876139367E-04,-7.685567546547997E-05
2446496.500000000,2.088329394166065E+00,-3.016964337065037E+01,5.730635700727220E-01,3.116270171223726E-03,2.392652962712543E-04,-7.688265523835049E-05
2446526.500000000,2.181810460504520E+00,-3.016230577888134E+01,5.707612930446101E-01,3.115102652994571E-03,2.492476845577959E-04,-7.681459627287619E-05
2446556.500000000,2.275261960270140E+00,-3.015467266215713E+01,5.684538483605757E-01,3.114097652992214E-03,2.593299280251793E-04,-7.675113566295335E-05
2446586.500000000,2.368683332248306E+00,-3.014674432024719E+01,5.661411881415996E-01,3.113267402773220E-03,2.694180649644462E-04,-7.679502870175600E-05
2446616.500000000,2.462074218066528E+00,-3.013852059264763E+01,5.638231795272256E-01,3.112531858790729E-03,2.794388081352928E-04,-7.700328012780989E-05
2446646.500000000,2.555433075513973E+00,-3.013000075383697E+01,5.614997977721886E-01,3.111710534284766E-03,2.893080015289398E-04,-7.735949511870785E-05
2446676.500000000,2.648757417433736E+00,-3.012118516276414E+01,5.591710610907767E-01,3.110676763505382E-03,2.989849095438184E-04,-7.778768483639983E-05
2446706.500000000,2.742045259209253E+00,-3.011207503988086E+01,5.568369915928395E-01,3.109390650641303E-03,3.085350659099794E-04,-7.818212015487274E-05
2446736.500000000,2.835294787647055E+00,-3.010267181334859E+01,5.544977199449797E-01,3.107875998311582E-03,3.180362468461931E-04,-7.845108627655752E-05
2446766.500000000,2.928505030893468E+00,-3.009297750608920E+01,5.521533477446153E-01,3.106265662272184E-03,3.275785981986447E-04,-7.855539975967955E-05
2446796.500000000,3.021676531488670E+00,-3.008299340468607E+01,5.498039030596561E-01,3.104716451892792E-03,3.372770154599208E-04,-7.852053425372465E-05
2446826.500000000,3.114809622610587E+00,-3.007271939342769E+01,5.474494592236150E-01,3.103319433567237E-03,3.471380320178433E-04,-7.843276239546558E-05
2446856.500000000,3.207904010705124E+00,-3.006215511967867E+01,5.450900335506161E-01,3.102108643875552E-03,3.570761622452436E-04,-7.840271860507128E-05
2446886.500000000,3.300959073392615E+00,-3.005129997450080E+01,5.427255887451374E-01,3.101017008496570E-03,3.670018274680641E-04,-7.850937129833452E-05
2446916.500000000,3.393972960158140E+00,-3.004015366354439E+01,5.403561433857156E-01,3.099911927026838E-03,3.767886340528971E-04,-7.877709132245374E-05
2446946.500000000,3.486943662641657E+00,-3.002871728066695E+01,5.379816625824996E-01,3.098693142400523E-03,3.863549837620269E-04,-7.916908028711924E-05
2446976.500000000,3.579870162864717E+00,-3.001699218134181E+01,5.356020870541517E-01,3.097275686007942E-03,3.957473309147442E-04,-7.958932500898484E-05
2447006.500000000,3.672751554853475E+00,-3.000497946402181E+01,5.332174498184349E-01,3.095632446311934E-03,4.050560831998637E-04,-7.992917289644533E-05
2447036.500000000,3.765587416811287E+00,-2.999268020039627E+01,5.308277793287615E-01,3.093847209375477E-03,4.144031355898098E-04,-8.011868208950343E-05
2447066.500000000,3.858377746366958E+00,-2.998009440833852E+01,5.284331410885323E-01,3.092016371669928E-03,4.239110085331150E-04,-8.014607569294539E-05
2447096.500000000,3.951121476229465E+00,-2.996722173997296E+01,5.260336968634109E-01,3.090230566593709E-03,4.335815421381036E-04,-8.006651543096370E-05
2447126.500000000,4.043817259657202E+00,-2.995406276965443E+01,5.236295363022377E-01,3.088591478333990E-03,4.433415715166146E-04,-7.998215031250251E-05
2447156.500000000,4.136464267325304E+00,-2.994061828769184E+01,5.212206789012380E-01,3.087114681338362E-03,4.530989807783046E-04,-7.999503828560602E-05
2447186.500000000,4.229061599692296E+00,-2.992688951834529E+01,5.188071179152931E-01,3.085741274397595E-03,4.627171227922264E-04,-8.016955798434515E-05
2447216.500000000,4.321609225575850E+00,-2.991287815994255E+01,5.163887243080633E-01,3.084390178885134E-03,4.721302194761805E-04,-8.050113673238729E-05
2447246.500000000,4.414107916241811E+00,-2.989858474780110E+01,5.139653713450435E-01,3.082931800987249E-03,4.813897767649764E-04,-8.091430251691654E-05
2447276.500000000,4.506557663648046E+00,-2.988400894859146E+01,5.115370468287571E-01,3.081272884132807E-03,4.905655230353232E-04,-8.130550826806220E-05
2447306.500000000,4.598957928614229E+00,-2.986915032970484E+01,5.091037803431251E-01,3.079412418451833E-03,4.997610423227117E-04,-8.157969890166183E-05
2447336.500000000,4.691307569522004E+00,-2.985400799419507E+01,5.066657115085854E-01,3.077387764530045E-03,5.090861156156084E-04,-8.168263163457367E-05
2447366.500000000,4.783604427994731E+00,-2.983858189911481E+01,5.042230470829849E-01,3.075318665550411E-03,5.185537538811620E-04,-8.163836584445397E-05
2447396.500000000,4.875846913695177E+00,-2.982287336047138E+01,5.017758745795996E-01,3.073367060353283E-03,5.281238727061251E-04,-8.153568524807603E-05
2447426.500000000,4.968034432400718E+00,-2.980688365504090E+01,4.993242105206323E-01,3.071593550593270E-03,5.377268609279370E-04,-8.148003222079194E-05
2447456.500000000,5.060166780500414E+00,-2.979061422474693E+01,4.968680004247114E-01,3.069992132235522E-03,5.472526513215070E-04,-8.155975960279643E-05
2447486.500000000,5.152244695090128E+00,-2.977406629831649E+01,4.944070689437725E-01,3.068502803576315E-03,5.566405892038206E-04,-8.180918624328116E-05
2447516.500000000,5.244268863250748E+00,-2.975723964015103E+01,4.919413133376662E-01,3.066958928358655E-03,5.658791922561962E-04,-8.218721313068612E-05
2447546.500000000,5.336238772089351E+00,-2.974013381365408E+01,4.894707441331815E-01,3.065222582128810E-03,5.749790439623339E-04,-8.259985750444938E-05
2447576.500000000,5.428153646747489E+00,-2.972274884484396E+01,4.869953980984691E-01,3.063264538322867E-03,5.840290487907968E-04,-8.293857908082609E-05
2447606.500000000,5.520012439036456E+00,-2.970508457315040E+01,4.845154233832402E-01,3.061111855540270E-03,5.931288922390931E-04,-8.312554791556866E-05
2447636.500000000,5.611813917684713E+00,-2.968714160545590E+01,4.820309806721347E-01,3.058888485061723E-03,6.023290671267092E-04,-8.314961544888740E-05
2447666.500000000,5.703557968680975E+00,-2.966892092516389E+01,4.795421033742531E-01,3.056761960943842E-03,6.116802392800965E-04,-8.306352541338217E-05
2447696.500000000,5.795244901680442E+00,-2.965042249695543E+01,4.770488075561653E-01,3.054813268473059E-03,6.211695005671519E-04,-8.296462486844299E-05
2447726.500000000,5.886874615759749E+00,-2.963164606677722E+01,4.745510579834417E-01,3.053055265607969E-03,6.306971084231200E-04,-8.296144513135129E-05
2447756.500000000,5.978446953766080E+00,-2.961259127053339E+01,4.720487387100922E-01,3.051415644265061E-03,6.401717045124323E-04,-8.311792193267175E-05
2447786.500000000,6.069960791104246E+00,-2.959325742294766E+01,4.695418248777845E-01,3.049727833456735E-03,6.495025012009507E-04,-8.342723555119096E-05
2447816.500000000,6.161414273016788E+00,-2.957364503176003E+01,4.670303267808479E-01,3.047875683556398E-03,6.586309609702500E-04,-8.382546370756127E-05
2447846.500000000,6.252806399356833E+00,-2.955375548502296E+01,4.645142271964631E-01,3.045821654044799E-03,6.676114866123944E-04,-8.421085898500690E-05
2447876.500000000,6.344136691476339E+00,-2.953358986302891E+01,4.619936048349524E-01,3.043569830419559E-03,6.765430733870446E-04,-8.448259724377517E-05
2447906.500000000,6.435405289003086E+00,-2.951314927158021E+01,4.594685336256100E-01,3.041230794417760E-03,6.855413038524040E-04,-8.458977108735526E-05
2447936.500000000,6.526613382174348E+00,-2.949243386739195E+01,4.569390280948172E-01,3.038950878328364E-03,6.947325625020715E-04,-8.455034294852371E-05
2447966.500000000,6.617761465402259E+00,-2.947144230253292E+01,4.544051758165853E-01,3.036800767512212E-03,7.041271342916717E-04,-8.444222312835281E-05
2447996.500000000,6.708848906836412E+00,-2.945017337201486E+01,4.518670313208532E-01,3.034812479063770E-03,7.136354512107683E-04,-8.437173453417281E-05
2448026.500000000,6.799874799564236E+00,-2.942862628076597E+01,4.493245655492769E-01,3.032956281231980E-03,7.231579794291175E-04,-8.442776119831884E-05
2448056.500000000,6.890837430099511E+00,-2.940680069334264E+01,4.467777835129648E-01,3.031121361065257E-03,7.325533029621630E-04,-8.464951356269452E-05
2448086.500000000,6.981735180309851E+00,-2.938469761472960E+01,4.442266276930753E-01,3.029206481651103E-03,7.417288351257162E-04,-8.500795836762648E-05
2448116.500000000,7.072567685193157E+00,-2.936231821395467E+01,4.416709900513848E-01,3.027130860510225E-03,7.507365417383445E-04,-8.541090863550684E-05
2448146.500000000,7.163334706166841E+00,-2.933966293020776E+01,4.391108723098051E-01,3.024850575108637E-03,7.596704762741692E-04,-8.575016329280447E-05
2448176.500000000,7.254036081431314E+00,-2.931673199739163E+01,4.365463103854016E-01,3.022417254598545E-03,7.686439445864332E-04,-8.594793659390537E-05
2448206.500000000,7.344671869089883E+00,-2.929352485016765E+01,4.339773803151711E-01,3.019915746768197E-03,7.777838130639839E-04,-8.597846012668583E-05
2448236.500000000,7.435241073774137E+00,-2.927004062624161E+01,4.314042662574022E-01,3.017440079219656E-03,7.871072347239149E-04,-8.588594773120140E-05
2448266.500000000,7.525742463863284E+00,-2.924627948130425E+01,4.288270792418769E-01,3.015109815531124E-03,7.965472899032643E-04,-8.577217415774535E-05
2448296.500000000,7.616175596195969E+00,-2.922224179965758E+01,4.262458221078676E-01,3.012962813713054E-03,8.060212171538298E-04,-8.574428830722877E-05
2448326.500000000,7.706540001390938E+00,-2.919792798836987E+01,4.236604680717210E-01,3.010941177724518E-03,8.154057097868890E-04,-8.587173110265760E-05
2448356.500000000,7.796835755791593E+00,-2.917333871366311E+01,4.210708763759254E-01,3.008962515254775E-03,8.246316852829603E-04,-8.616140173546888E-05
2448386.500000000,7.887063479455739E+00,-2.914847354041500E+01,4.184769011767612E-01,3.006891211931980E-03,8.337315794694798E-04,-8.655036685803576E-05
2448416.500000000,7.977222626105836E+00,-2.912333124117898E+01,4.158785422219072E-01,3.004600864050834E-03,8.427496994465966E-04,-8.693448848409068E-05
2448446.500000000,8.067311852297404E+00,-2.909791098792765E+01,4.132758567102610E-01,3.002073333466897E-03,8.517706868085492E-04,-8.721084864758291E-05
2448476.500000000,8.157329561453958E+00,-2.907221200610541E+01,4.106689836721407E-01,2.999359769084109E-03,8.609041246347519E-04,-8.731870678541358E-05
2448506.500000000,8.247273527734547E+00,-2.904623435714691E+01,4.080581318620399E-01,2.996584707866137E-03,8.701697417068221E-04,-8.727298820277983E-05
2448536.500000000,8.337142356690986E+00,-2.901997933822835E+01,4.054433887273899E-01,2.993917714613946E-03,8.795450904545719E-04,-8.715266776627531E-05
2448566.500000000,8.426935997293706E+00,-2.899344789201811E+01,4.028247493218748E-01,2.991440854963735E-03,8.889979183359434E-04,-8.706079846138856E-05
2448596.500000000,8.516654622274102E+00,-2.896664054255308E+01,4.002021651987125E-01,2.989154779589397E-03,8.984334163419516E-04,-8.709387595888671E-05
2448626.500000000,8.606298816351430E+00,-2.893955743163649E+01,3.975754899166969E-01,2.986990743856671E-03,9.077730587306007E-04,-8.729831245396376E-05
2448656.500000000,8.695868826675904E+00,-2.891219740708166E+01,3.949446380271956E-01,2.984769298109302E-03,9.169930944977406E-04,-8.763988040888756E-05
2448686.500000000,8.785363402924618E+00,-2.888455935786092E+01,3.923096443425673E-01,2.982342917889922E-03,9.260851257288327E-04,-8.803012209874493E-05
2448716.500000000,8.874780972654632E+00,-2.885664308996586E+01,3.896705538921771E-01,2.979680900734896E-03,9.351068057227876E-04,-8.836522330822159E-05
2448746.500000000,8.964120084816033E+00,-2.882844841741321E+01,3.870274893096113E-01,2.976799867909624E-03,9.441571392069654E-04,-8.855885750136251E-05
2448776.500000000,9.053379243509625E+00,-2.879997575614826E+01,3.843805979037996E-01,2.973812914931338E-03,9.533070670721404E-04,-8.858426617746683E-05
2448806.500000000,9.142558029777273E+00,-2.877122581563658E+01,3.817299116664175E-01,2.970896301916606E-03,9.626219621847404E-04,-8.848680550610593E-05
2448836.500000000,9.231656465629637E+00,-2.874219812261788E+01,3.790754544366357E-01,2.968133379095635E-03,9.721034221152232E-04,-8.836060402285486E-05
2448866.500000000,9.320673827233364E+00,-2.871289196683579E+01,3.764172369893217E-01,2.965533582441930E-03,9.816510546613894E-04,-8.831325312378560E-05
2448896.500000000,9.409609184329305E+00,-2.868330696829268E+01,3.737551885695040E-01,2.963045879243026E-03,9.911595385580488E-04,-8.841684521133316E-05
2448926.500000000,9.498461040778404E+00,-2.865344266922692E+01,3.710892982106148E-01,2.960527954054567E-03,1.000529810258945E-03,-8.867862165658135E-05
2448956.500000000,9.587227444451546E+00,-2.862329973281580E+01,3.684195806510288E-01,2.957867627691384E-03,1.009688142009065E-03,-8.904584631446558E-05
2448986.500000000,9.675907507550365E+00,-2.859287957161097E+01,3.657459983691964E-01,2.955020559853127E-03,1.018684411363582E-03,-8.941814885796594E-05
2449016.500000000,9.764501024309064E+00,-2.856218280069737E+01,3.630685974175614E-01,2.951972128439800E-03,1.027640593855967E-03,-8.968807150674870E-05
2449046.500000000,9.853007958075382E+00,-2.853120963304621E+01,3.603874531967557E-01,2.948806627928732E-03,1.036679324014948E-03,-8.979775610856066E-05
2449076.500000000,9.941428729682443E+00,-2.849995945193935E+01,3.577026033987638E-01,2.945647661623898E-03,1.045919107128800E-03,-8.975433837913451E-05
2449106.500000000,1.002976278920509E+01,-2.846843042303125E+01,3.550141730186619E-01,2.942555143675495E-03,1.055378220483058E-03,-8.962248518866785E-05
2449136.500000000,1.011800831865359E+01,-2.843662135118822E+01,3.523222678852368E-01,2.939582336463979E-03,1.064963837805664E-03,-8.950864471600200E-05
2449166.500000000,1.020616353454601E+01,-2.840453200204998E+01,3.496268809164217E-01,2.936737713442610E-03,1.074560398678752E-03,-8.951276588320463E-05
2449196.500000000,1.029422643360282E+01,-2.837216256250434E+01,3.469280121745762E-01,2.933926293932356E-03,1.084027376782176E-03,-8.968235585774477E-05
2449226.500000000,1.038219533988458E+01,-2.833951430991548E+01,3.442255964355622E-01,2.931052963039570E-03,1.093275639870984E-03,-8.999667749048823E-05
2449256.500000000,1.047006992514783E+01,-2.830658850237899E+01,3.415195047449576E-01,2.928042030303420E-03,1.102353409619127E-03,-9.037298061377064E-05
2449286.500000000,1.055784990641765E+01,-2.827338525572502E+01,3.388097365865150E-01,2.924823102684175E-03,1.111349740472086E-03,-9.070342211943152E-05
2449316.500000000,1.064553463531244E+01,-2.823990441594023E+01,3.360963623952968E-01,2.921412532078700E-03,1.120370300009385E-03,-9.089963904528008E-05
2449346.500000000,1.073312351518828E+01,-2.820614539549853E+01,3.333794879611401E-01,2.917892195794667E-03,1.129546164098069E-03,-9.092354111536710E-05
2449376.500000000,1.082061502434565E+01,-2.817210738158107E+01,3.306593251504365E-01,2.914363759274032E-03,1.138904646625670E-03,-9.081245822706054E-05
2449406.500000000,1.090800744123221E+01,-2.813779061533024E+01,3.279360109625584E-01,2.910952345663410E-03,1.148381997883951E-03,-9.066470563331485E-05
2449436.500000000,1.099530000935334E+01,-2.810319563402152E+01,3.252095414270086E-01,2.907713685969526E-03,1.157912010065145E-03,-9.058630536285035E-05
2449466.500000000,1.108249201118852E+01,-2.806832268898040E+01,3.224798825390827E-01,2.904603942532790E-03,1.167385773236605E-03,-9.065488033075503E-05
2449496.500000000,1.116958297795284E+01,-2.803317216456158E+01,3.197469056871730E-01,2.901539532381084E-03,1.176716940178573E-03,-9.089206051813348E-05
2449526.500000000,1.125657277314632E+01,-2.799774356857805E+01,3.170104733205532E-01,2.898374621871610E-03,1.185915444011706E-03,-9.124270193184367E-05
2449556.500000000,1.134345994402325E+01,-2.796203579963165E+01,3.142706116316842E-01,2.894965619935416E-03,1.195008631716513E-03,-9.160252595814553E-05
2449586.500000000,1.143024222082694E+01,-2.792604859017248E+01,3.115274105575335E-01,2.891290958081906E-03,1.204059931681735E-03,-9.186724085316576E-05
2449616.500000000,1.151691755909715E+01,-2.788978209857514E+01,3.087810079209299E-01,2.887412126759061E-03,1.213175516778478E-03,-9.197008800945491E-05
2449646.500000000,1.160348374439789E+01,-2.785323707866930E+01,3.060316100695946E-01,2.883451255191994E-03,1.222394030621817E-03,-9.191250458201516E-05
2449676.500000000,1.168993956311001E+01,-2.781641518889341E+01,3.032793078182035E-01,2.879583328215891E-03,1.231722459632698E-03,-9.176267677288474E-05
2449706.500000000,1.177628526981608E+01,-2.777931736918552E+01,3.005240873947115E-01,2.875910459469586E-03,1.241159982739743E-03,-9.162435556393600E-05
2449736.500000000,1.186252099440962E+01,-2.774194361394774E+01,2.977659237555965E-01,2.872426529638912E-03,1.250617202144201E-03,-9.160039206520852E-05
2449766.500000000,1.194864663858427E+01,-2.770429357201236E+01,2.950047169558129E-01,2.869047805963850E-03,1.259999613578768E-03,-9.174357363115391E-05
2449796.500000000,1.203466156062272E+01,-2.766636607240978E+01,2.922404039903418E-01,2.865603718019962E-03,1.269269030762498E-03,-9.203031948771685E-05
2449826.500000000,1.212056360004265E+01,-2.762816031288346E+01,2.894730384684450E-01,2.861948678264093E-03,1.278386150445939E-03,-9.238379185443540E-05
2449856.500000000,1.220635042982474E+01,-2.758967676301478E+01,2.867026685954386E-01,2.858042495601237E-03,1.287380956043282E-03,-9.270076005723299E-05
2449886.500000000,1.229202034529550E+01,-2.755091599098319E+01,2.839293854530696E-01,2.853899421374340E-03,1.296366767436013E-03,-9.288474490899174E-05
2449916.500000000,1.237757175350876E+01,-2.751187881805673E+01,2.811533239474753E-01,2.849627522844294E-03,1.305434251074282E-03,-9.289871675760093E-05
2449946.500000000,1.246300397556427E+01,-2.747256616825332E+01,2.783745296154898E-01,2.845397087190413E-03,1.314654686016456E-03,-9.278008099757790E-05
2449976.500000000,1.254831670787125E+01,-2.743297773255113E+01,2.755930478874973E-01,2.841288397342761E-03,1.324045830795778E-03,-9.261464103344129E-05
2450006.500000000,1.263350864944906E+01,-2.739311302088237E+01,2.728089422994346E-01,2.837316714722069E-03,1.333512954864523E-03,-9.250810011870199E-05
2450036.500000000,1.271857826474588E+01,-2.735297225733308E+01,2.700221889989204E-01,2.833460405873114E-03,1.342936888380545E-03,-9.254408592717197E-05
2450066.500000000,1.280352392985672E+01,-2.731255571715540E+01,2.672327823003238E-01,2.829599431153525E-03,1.352211152185502E-03,-9.274445640545871E-05
2450096.500000000,1.288834377252316E+01,-2.727186452649894E+01,2.644407326843241E-01,2.825615601651962E-03,1.361258482129341E-03,-9.306315312134258E-05
2450126.500000000,1.297303696562435E+01,-2.723090034936147E+01,2.616459829966418E-01,2.821458487654890E-03,1.370128894104537E-03,-9.340307250772369E-05
2450156.500000000,1.305760332986606E+01,-2.718966371972920E+01,2.588485504748048E-01,2.817095931230054E-03,1.378949832807877E-03,-9.365682142205228E-05
2450186.500000000,1.314204232791963E+01,-2.714815456986096E+01,2.560485222881253E-01,2.812573213244807E-03,1.387836516957684E-03,-9.375636883549904E-05
2450216.500000000,1.322635337615141E+01,-2.710637239098439E+01,2.532459705551878E-01,2.807996248866480E-03,1.396901256297463E-03,-9.369382338755071E-05
2450246.500000000,1.331053496970955E+01,-2.706431592114819E+01,2.504410532439793E-01,2.803436377508812E-03,1.406169321367381E-03,-9.352540114244624E-05
2450276.500000000,1.339458449806974E+01,-2.702198489920176E+01,2.476339164072535E-01,2.798969871870915E-03,1.415542858161360E-03,-9.335834359119115E-05
2450306.500000000,1.347849979519229E+01,-2.697938032655437E+01,2.448245663610013E-01,2.794635859205032E-03,1.424902039532815E-03,-9.329791283674502E-05
2450336.500000000,1.356227907498499E+01,-2.693650340928475E+01,2.420129869793819E-01,2.790359837868263E-03,1.434123219130533E-03,-9.339866161432651E-05
2450366.500000000,1.364592100277901E+01,-2.689335602324298E+01,2.391991035557964E-01,2.786055849863193E-03,1.443122060690370E-03,-9.365205218738246E-05
2450396.500000000,1.372942548247158E+01,-2.684993979049014E+01,2.363827774700843E-01,2.781644092328667E-03,1.451932667491910E-03,-9.398651472207954E-05
2450426.500000000,1.381279229213242E+01,-2.680625489415712E+01,2.335640122397170E-01,2.777019719725477E-03,1.460639121538996E-03,-9.429129792058861E-05
2450456.500000000,1.389602039842257E+01,-2.676230129205866E+01,2.307429117733094E-01,2.772172262959977E-03,1.469343799109404E-03,-9.446843551309585E-05
2450486.500000000,1.397910867484943E+01,-2.671807893708473E+01,2.279196043681442E-01,2.767188069972038E-03,1.478169528747131E-03,-9.447409167093929E-05
2450516.500000000,1.406205529040780E+01,-2.667358765402585E+01,2.250943112706224E-01,2.762165471531894E-03,1.487147816291581E-03,-9.433616216887974E-05
2450546.500000000,1.414485828574511E+01,-2.662882833525076E+01,2.222671790240222E-01,2.757231880984061E-03,1.496231361373387E-03,-9.414270848940062E-05
2450576.500000000,1.422751682533011E+01,-2.658380224141571E+01,2.194381912959794E-01,2.752472601978717E-03,1.505371350606618E-03,-9.400162406336881E-05
2450606.500000000,1.431003022488218E+01,-2.653851004547635E+01,2.166073070059069E-01,2.747855846057788E-03,1.514464542456374E-03,-9.400066497639531E-05
2450636.500000000,1.439239774730372E+01,-2.649295243592787E+01,2.137744179693946E-01,2.743288930714661E-03,1.523409979625660E-03,-9.417115269164702E-05
2450666.500000000,1.447461878756292E+01,-2.644712955388198E+01,2.109394030889856E-01,2.738625396750637E-03,1.532198334513075E-03,-9.446545147261497E-05
2450696.500000000,1.455669148016762E+01,-2.640104116273572E+01,2.081023081433399E-01,2.733719313390901E-03,1.540838493697999E-03,-9.478451451137141E-05
2450726.500000000,1.463861329712286E+01,-2.635468815517399E+01,2.052632414888964E-01,2.728546637011855E-03,1.549371390938742E-03,-9.502527342900793E-05
2450756.500000000,1.472038242738981E+01,-2.630807203612692E+01,2.024223242339130E-01,2.723170969369458E-03,1.557905379815698E-03,-9.511186979061053E-05
2450786.500000000,1.480199730818525E+01,-2.626119447777956E+01,1.995797430699213E-01,2.717710509191775E-03,1.566512173159245E-03,-9.503056002515796E-05
2450816.500000000,1.488345734756004E+01,-2.621405758844955E+01,1.967355854165863E-01,2.712343588411425E-03,1.575225801902845E-03,-9.484294380740153E-05
2450846.500000000,1.496476324878802E+01,-2.616666247374782E+01,1.938898326979933E-01,2.707175226690982E-03,1.584060995159293E-03,-9.465199050799492E-05
2450876.500000000,1.504591512473060E+01,-2.611900902329680E+01,1.910424850513208E-01,2.702184866516987E-03,1.592935165567882E-03,-9.455964744211622E-05
2450906.500000000,1.512691230771197E+01,-2.607109711536586E+01,1.881934856428635E-01,2.697292534869376E-03,1.601736854793710E-03,-9.462767030720732E-05
2450936.500000000,1.520775363813756E+01,-2.602292647893979E+01,1.853427811162716E-01,2.692351164100651E-03,1.610399059685233E-03,-9.484858873455047E-05
2450966.500000000,1.528843675743673E+01,-2.597449745703608E+01,1.824904212633366E-01,2.687216229798198E-03,1.618857553446684E-03,-9.515375708345149E-05
2450996.500000000,1.536895945462980E+01,-2.592581178997445E+01,1.796364366068170E-01,2.681842502504134E-03,1.627131729415383E-03,-9.543894703180454E-05
2451026.500000000,1.544932061866213E+01,-2.587687124925113E+01,1.767808705855468E-01,2.676249614373959E-03,1.635349391342373E-03,-9.560256252923124E-05
2451056.500000000,1.552951934918839E+01,-2.582767737392710E+01,1.739238360039943E-01,2.670533232260627E-03,1.643614634989692E-03,-9.559914888855085E-05
2451086.500000000,1.560955538492578E+01,-2.577823159070544E+01,1.710653906930044E-01,2.664844115820297E-03,1.652003851830085E-03,-9.545386492792795E-05
2451116.500000000,1.568942875590042E+01,-2.572853418606521E+01,1.682055948584934E-01,2.659265656569051E-03,1.660555619690308E-03,-9.524168051189279E-05
2451146.500000000,1.576913840490674E+01,-2.567858532332408E+01,1.653445469558541E-01,2.653832608730774E-03,1.669182152076804E-03,-9.507031281922225E-05
2451176.500000000,1.584868310863365E+01,-2.562838609874182E+01,1.624822480839057E-01,2.648546013170873E-03,1.677748376273096E-03,-9.503517459379853E-05
2451206.500000000,1.592806199217188E+01,-2.557793766692703E+01,1.596186696610254E-01,2.643300089611000E-03,1.686153060788861E-03,-9.516657276161799E-05
2451236.500000000,1.600727403282749E+01,-2.552724165959540E+01,1.567537919842651E-01,2.637977826511232E-03,1.694325326002895E-03,-9.542680452980944E-05
2451266.500000000,1.608631907370975E+01,-2.547630004496666E+01,1.538875252144374E-01,2.632521565491637E-03,1.702300305178142E-03,-9.572828292440938E-05
2451296.500000000,1.616519750556134E+01,-2.542511351912026E+01,1.510198482999212E-01,2.626872997571490E-03,1.710200574564076E-03,-9.596132302969696E-05
2451326.500000000,1.624390892699578E+01,-2.537368213133624E+01,1.481508509318577E-01,2.621043442856037E-03,1.718137885403943E-03,-9.604493901795143E-05
2451356.500000000,1.632245257691373E+01,-2.532200595444676E+01,1.452806276249306E-01,2.615134867461753E-03,1.726215110395612E-03,-9.596022390001322E-05
2451386.500000000,1.640082709251970E+01,-2.527008474254498E+01,1.424093426190387E-01,2.609236726365898E-03,1.734462405214428E-03,-9.575700469330649E-05
2451416.500000000,1.647903034755201E+01,-2.521791935344084E+01,1.395371501678800E-01,2.603442635102023E-03,1.742787456970360E-03,-9.553901176118784E-05
2451446.500000000,1.655706105148868E+01,-2.516551192757115E+01,1.366640434951036E-01,2.597819402728067E-03,1.751082476637880E-03,-9.541295752019540E-05
2451476.500000000,1.663491880878043E+01,-2.511286443171450E+01,1.337899651490353E-01,2.592320072621223E-03,1.759248586031054E-03,-9.544362642466606E-05
2451506.500000000,1.671260363533747E+01,-2.505997892430027E+01,1.309148160437489E-01,2.586859548622180E-03,1.767199982950417E-03,-9.563702795735305E-05
2451536.500000000,1.679011644231111E+01,-2.500685695883902E+01,1.280384423115620E-01,2.581337683258784E-03,1.774956599024816E-03,-9.592779819038337E-05
2451566.500000000,1.686745775495426E+01,-2.495349853082219E+01,1.251608352928595E-01,2.575624510147324E-03,1.782602743961945E-03,-9.620331713261276E-05
2451596.500000000,1.694462688405652E+01,-2.489990356934560E+01,1.222821070221885E-01,2.569693132655271E-03,1.790224182982362E-03,-9.636369021097877E-05
2451626.500000000,1.702162298140971E+01,-2.484607245808224E+01,1.194023786576668E-01,2.563624994266646E-03,1.797925890291358E-03,-9.635769432616999E-05
2451656.500000000,1.709844486448691E+01,-2.479200554663883E+01,1.165218419437812E-01,2.557515778304402E-03,1.805757115729131E-03,-9.619857055984472E-05
2451686.500000000,1.717509137933585E+01,-2.473770413898587E+01,1.136406198896742E-01,2.551505152716969E-03,1.813693865127616E-03,-9.596629709231602E-05
2451716.500000000,1.725156261706832E+01,-2.468316983476877E+01,1.107586652602316E-01,2.545704354094758E-03,1.821699274141752E-03,-9.577220933614119E-05
2451746.500000000,1.732785889976718E+01,-2.462840328536588E+01,1.078759144385695E-01,2.540084309078083E-03,1.829679265783630E-03,-9.571008469957096E-05
2451776.500000000,1.740398015171483E+01,-2.457340503305245E+01,1.049922670037916E-01,2.534544919456137E-03,1.837526590967074E-03,-9.581796863675127E-05
2451806.500000000,1.747992625723074E+01,-2.451817543451959E+01,1.021076028168395E-01,2.528953065973828E-03,1.845212571337688E-03,-9.605987077698190E-05
2451836.500000000,1.755569608184356E+01,-2.446271462338864E+01,9.922195640606944E-02,2.523166030139204E-03,1.852724811401231E-03,-9.634655599674138E-05
2451866.500000000,1.763128805517992E+01,-2.440702389073022E+01,9.633541883487488E-02,2.517146850435194E-03,1.860092153476909E-03,-9.657248817277995E-05
2451896.500000000,1.770670167131429E+01,-2.435110506424860E+01,9.344806302723781E-02,2.510959419670106E-03,1.867440772734759E-03,-9.665135858634488E-05
2451926.500000000,1.778193688532935E+01,-2.429495954246446E+01,9.056002751137962E-02,2.504716715090876E-03,1.874872802329452E-03,-9.656022082065498E-05
2451956.500000000,1.785699428133856E+01,-2.423858864453717E+01,8.767138041191816E-02,2.498578441218582E-03,1.882438486368942E-03,-9.635228631894996E-05
2451986.500000000,1.793187527177806E+01,-2.418199260183770E+01,8.478209223717421E-02,2.492640702906192E-03,1.890167075796177E-03,-9.612288986787603E-05
2452016.500000000,1.800658023158122E+01,-2.412517046259304E+01,8.189217635485420E-02,2.486882430876121E-03,1.897980407406177E-03,-9.597471218378199E-05
2452046.500000000,1.808110841702184E+01,-2.406812173432801E+01,7.900160181305427E-02,2.481237913637965E-03,1.905742840009321E-03,-9.598186631158917E-05
2452076.500000000,1.815545884775564E+01,-2.401084637718145E+01,7.611030282832174E-02,2.475583804985937E-03,1.913361771779782E-03,-9.615085176789917E-05
2452106.500000000,1.822962980773257E+01,-2.395334497593503E+01,7.321829716342981E-02,2.469778242287047E-03,1.920765043112681E-03,-9.641890398775174E-05
2452136.500000000,1.830361997602281E+01,-2.389561936967451E+01,7.032557655021529E-02,2.463774509727239E-03,1.927971516595713E-03,-9.668396423431909E-05
2452166.500000000,1.837742938757545E+01,-2.383767122309472E+01,6.743212682165729E-02,2.457592582761200E-03,1.935114609464401E-03,-9.684399878318091E-05
2452196.500000000,1.845105820606541E+01,-2.377950143335852E+01,6.453803374463860E-02,2.451297768781649E-03,1.942308926851274E-03,-9.684165061149661E-05
2452226.500000000,1.852450679120360E+01,-2.372111061778600E+01,6.164336683499316E-02,2.445016543381940E-03,1.949644676343024E-03,-9.668584856254975E-05
2452256.500000000,1.859777562933157E+01,-2.366249847333355E+01,5.874819560170508E-02,2.438846628496524E-03,1.957174657366354E-03,-9.644606658219178E-05
2452286.500000000,1.867086407628202E+01,-2.360366460440589E+01,5.585263759044055E-02,2.432833879584923E-03,1.964810901532052E-03,-9.623218677814080E-05
2452316.500000000,1.874377131632608E+01,-2.354460965553810E+01,5.295670176945484E-02,2.426987832776119E-03,1.972415577179358E-03,-9.614382205281230E-05
2452346.500000000,1.881649713915327E+01,-2.348533435899642E+01,5.006032156462836E-02,2.421224446504272E-03,1.979898438303266E-03,-9.622096896149806E-05
2452376.500000000,1.888904117883596E+01,-2.342583959223986E+01,4.716343924302393E-02,2.415429298757997E-03,1.987184376000096E-03,-9.643923817734950E-05
2452406.500000000,1.896140364870897E+01,-2.336612643425409E+01,4.426593822209651E-02,2.409525520256059E-03,1.994286929817481E-03,-9.671874200068983E-05
2452436.500000000,1.903358514535343E+01,-2.330619473596473E+01,4.136776830125510E-02,2.403429936971136E-03,2.001323536784916E-03,-9.694553064829461E-05
2452466.500000000,1.910558512435436E+01,-2.324604377702819E+01,3.846902710296287E-02,2.397130843775519E-03,2.008400930711368E-03,-9.702867342338904E-05
2452496.500000000,1.917740249873371E+01,-2.318567332628372E+01,3.556983301706875E-02,2.390729936386165E-03,2.015605696192028E-03,-9.694218786704514E-05
2452526.500000000,1.924903600896540E+01,-2.312508319756131E+01,3.267034763641705E-02,2.384328677057889E-03,2.022974426813008E-03,-9.672673061999375E-05
2452556.500000000,1.932048399310345E+01,-2.306427418920469E+01,2.977072322288303E-02,2.378033182012294E-03,2.030438966695553E-03,-9.647693184103515E-05
2452586.500000000,1.939174585243609E+01,-2.300324818896339E+01,2.687094154807734E-02,2.371939755766731E-03,2.037910354014984E-03,-9.630384027902658E-05
2452616.500000000,1.946282214956478E+01,-2.294200647139072E+01,2.397091302906356E-02,2.366018477499893E-03,2.045305707759858E-03,-9.628448060026168E-05
2452646.500000000,1.953371352688359E+01,-2.288054982564766E+01,2.107053292736076E-02,2.360165436068942E-03,2.052540486360537E-03,-9.643294356513649E-05
2452676.500000000,1.960442088521262E+01,-2.281887847780494E+01,1.816965796826011E-02,2.354261259493640E-03,2.059619357734928E-03,-9.669060310897771E-05
2452706.500000000,1.967494441235579E+01,-2.275699134589959E+01,1.526828272691906E-02,2.348161711501573E-03,2.066608270164063E-03,-9.695020836132277E-05
2452736.500000000,1.974528280920924E+01,-2.269488764232293E+01,1.236653438919307E-02,2.341820495502432E-03,2.073565172825765E-03,-9.710971869319066E-05
2452766.500000000,1.981543468009048E+01,-2.263256753516519E+01,9.464533441544718E-03,2.335312728262882E-03,2.080581730811089E-03,-9.710706583764796E-05
2452796.500000000,1.988539877215048E+01,-2.257003125108096E+01,6.562445611718311E-03,2.328740126797800E-03,2.087731448060707E-03,-9.694205199908946E-05
2452826.500000000,1.995517400777295E+01,-2.250727974321013E+01,3.660384205415014E-03,2.322253686059541E-03,2.095010376433719E-03,-9.668905915918754E-05
2452856.500000000,2.002476051734674E+01,-2.244431413176273E+01,7.583004788960986E-04,2.315975015443335E-03,2.102387577949713E-03,-9.645974451775016E-05
2452886.500000000,2.009415863005359E+01,-2.238113436250081E+01,-2.143862265898356E-03,2.309872762795573E-03,2.109784812749011E-03,-9.634820428125736E-05
2452916.500000000,2.016336791627198E+01,-2.231774029871082E+01,-5.046168099088253E-03,2.303853325655500E-03,2.117088737093170E-03,-9.640225023210301E-05
2452946.500000000,2.023238780351969E+01,-2.225413206160228E+01,-7.948711227732460E-03,2.297801258685001E-03,2.124237526338637E-03,-9.660257889596011E-05
2452976.500000000,2.030121707187592E+01,-2.219030967393157E+01,-1.085145817545601E-02,2.291568687455849E-03,2.131204215021286E-03,-9.686539900357366E-05
2453006.500000000,2.036985424798598E+01,-2.212627419279167E+01,-1.375432655048777E-02,2.285107762521387E-03,2.138020483137364E-03,-9.708185903900078E-05
2453036.500000000,2.043829903155254E+01,-2.206202707734759E+01,-1.665727307766509E-02,2.278482270845850E-03,2.144819494127545E-03,-9.716192785432357E-05
2453066.500000000,2.050655158768586E+01,-2.199756888992495E+01,-1.956018521020658E-02,2.271783613589051E-03,2.151719572592200E-03,-9.707285104977247E-05
2453096.500000000,2.057461220072845E+01,-2.193289984427409E+01,-2.246298312076066E-02,2.265143235506167E-03,2.158783468811214E-03,-9.685399384074766E-05
2453126.500000000,2.064248148784674E+01,-2.186801934697235E+01,-2.536567041469307E-02,2.258657991854167E-03,2.166046104273215E-03,-9.659330430690800E-05
2453156.500000000,2.071015886166203E+01,-2.180292595090528E+01,-2.826819485715861E-02,2.252320839432864E-03,2.173424758626265E-03,-9.639714314956170E-05
2453186.500000000,2.077764260567942E+01,-2.173761915082116E+01,-3.117054387775720E-02,2.246083877079479E-03,2.180760012829434E-03,-9.635055734819404E-05
2453216.500000000,2.084493118544277E+01,-2.167209935468535E+01,-3.407278047878270E-02,2.239847981869389E-03,2.187945989030562E-03,-9.646966998178788E-05
2453246.500000000,2.091202287236811E+01,-2.160636743815120E+01,-3.697490717133487E-02,2.233484299253133E-03,2.194915044979516E-03,-9.669997744081925E-05
2453276.500000000,2.097891650187313E+01,-2.154042522905424E+01,-3.987694990924871E-02,2.226944166553179E-03,2.201678678957987E-03,-9.694737914058399E-05
2453306.500000000,2.104561232582565E+01,-2.147427414511895E+01,-4.277894821681517E-02,2.220230370699484E-03,2.208369514157935E-03,-9.710612390757854E-05
2453336.500000000,2.111211052863829E+01,-2.140791439345644E+01,-4.568081188825709E-02,2.213375517669838E-03,2.215119699619289E-03,-9.710387585345328E-05
2453366.500000000,2.117841098211056E+01,-2.134134587878840E+01,-4.858242912433359E-02,2.206490479128793E-03,2.222024451726210E-03,-9.693903040624825E-05
2453396.500000000,2.124451351664765E+01,-2.127456796740780E+01,-5.148369699152009E-02,2.199681700622485E-03,2.229134844156400E-03,-9.667624966981005E-05
2453426.500000000,2.131041689025901E+01,-2.120758003376832E+01,-5.438446745333488E-02,2.192999774923260E-03,2.236368916665121E-03,-9.642138146124136E-05
2453456.500000000,2.137611971354674E+01,-2.114038262829690E+01,-5.728471177604155E-02,2.186469357367437E-03,2.243593553544446E-03,-9.627736753280173E-05
2453486.500000000,2.144162144957279E+01,-2.107297651420185E+01,-6.018451548434450E-02,2.180036269375192E-03,2.250721058025092E-03,-9.629755128205126E-05
2453516.500000000,2.150692147645891E+01,-2.100536231412853E+01,-6.308395024265807E-02,2.173585778008962E-03,2.257666313576616E-03,-9.647064647911590E-05
2453546.500000000,2.157201948362979E+01,-2.093754075591960E+01,-6.598312694723339E-02,2.167017124868942E-03,2.264425081939560E-03,-9.672072571916907E-05
2453576.500000000,2.163691539644694E+01,-2.086951155038100E+01,-6.888209306374149E-02,2.160235634332832E-03,2.271108507303604E-03,-9.693187088697171E-05
2453606.500000000,2.170160785300957E+01,-2.080127401061132E+01,-7.178072194584111E-02,2.153218956685157E-03,2.277806886029064E-03,-9.700985850782983E-05
2453636.500000000,2.176609498243885E+01,-2.073282833973228E+01,-7.467885866659177E-02,2.146060635552371E-03,2.284589125851897E-03,-9.691909563450159E-05
2453666.500000000,2.183037527969468E+01,-2.066417503251816E+01,-7.757633997525268E-02,2.138875415701747E-03,2.291514556900537E-03,-9.668598808313804E-05
2453696.500000000,2.189444722190218E+01,-2.059531523959095E+01,-8.047301113213544E-02,2.131790092103126E-03,2.298546067286694E-03,-9.639984532202247E-05
2453726.500000000,2.195831042399048E+01,-2.052625083250000E+01,-8.336888531247812E-02,2.124916623970283E-03,2.305606867410059E-03,-9.617684452235973E-05
2453756.500000000,2.202196568038091E+01,-2.045698267417720E+01,-8.626406210315447E-02,2.118227636679855E-03,2.312631835085946E-03,-9.610012617434330E-05
2453786.500000000,2.208541335816502E+01,-2.038751074680766E+01,-8.915862722617744E-02,2.111603674906174E-03,2.319537637638183E-03,-9.619131662902061E-05
2453816.500000000,2.214865342374722E+01,-2.031783472219208E+01,-9.205268829627668E-02,2.104915712964380E-03,2.326297764135240E-03,-9.640361229081694E-05
2453846.500000000,2.221168504509771E+01,-2.024795352770020E+01,-9.494623709748835E-02,2.098015090965728E-03,2.332947355413305E-03,-9.663715763362869E-05
2453876.500000000,2.227450599489584E+01,-2.017786674853971E+01,-9.783913232174707E-02,2.090841028339266E-03,2.339522984834667E-03,-9.678507356801776E-05
2453906.500000000,2.233711422165496E+01,-2.010757524344766E+01,-1.007312539082643E-01,2.083469815803692E-03,2.346114969453357E-03,-9.677454486266573E-05
2453936.500000000,2.239950836733897E+01,-2.003707987027528E+01,-1.036224612277807E-01,2.076016971917578E-03,2.352820202890415E-03,-9.659696781512773E-05
2453966.500000000,2.246168736110851E+01,-1.996638179942474E+01,-1.065126408642900E-01,2.068630385093798E-03,2.359651566002722E-03,-9.631872423952444E-05
2453996.500000000,2.252365116049608E+01,-1.989548217321040E+01,-1.094018216680079E-01,2.061430377639843E-03,2.366593450389174E-03,-9.604451784950844E-05
2454026.500000000,2.258539984303940E+01,-1.982438086676065E+01,-1.122900357386934E-01,2.054397940648077E-03,2.373585525031769E-03,-9.587170710025785E-05
2454056.500000000,2.264693246018065E+01,-1.975307774609253E+01,-1.151772985181137E-01,2.047450204292004E-03,2.380497593350342E-03,-9.586178248798562E-05
2454086.500000000,2.270824790786070E+01,-1.968157329507666E+01,-1.180636720105483E-01,2.040480779010282E-03,2.387239964013280E-03,-9.600752328730524E-05
2454116.500000000,2.276934483586071E+01,-1.960986792574832E+01,-1.209491301086551E-01,2.033342524281028E-03,2.393786462815750E-03,-9.623004481166158E-05
2454146.500000000,2.283022170925756E+01,-1.953796284677618E+01,-1.238336025319619E-01,2.025979892700256E-03,2.400168067014980E-03,-9.642280711728272E-05
2454176.500000000,2.289087807784131E+01,-1.946585955606863E+01,-1.267170672943053E-01,2.018445463971633E-03,2.406510840693300E-03,-9.649352038452806E-05
2454206.500000000,2.295131388903971E+01,-1.939355838449635E+01,-1.295994284090974E-01,2.010801527741555E-03,2.412945821926595E-03,-9.639592479991238E-05
2454236.500000000,2.301152872817526E+01,-1.932105924508178E+01,-1.324805799961042E-01,2.003157276302457E-03,2.419548223273657E-03,-9.615399054455432E-05
2454266.500000000,2.307152215708400E+01,-1.924836170427887E+01,-1.353604836548224E-01,1.995623558197721E-03,2.426348389967677E-03,-9.585221757844623E-05
2454296.500000000,2.313129268581302E+01,-1.917546486441104E+01,-1.382390476183512E-01,1.988210110305407E-03,2.433255485672661E-03,-9.560001155517638E-05
2454326.500000000,2.319083792539433E+01,-1.910236906884557E+01,-1.411162232704709E-01,1.980885576615572E-03,2.440104576070781E-03,-9.548659664957156E-05
2454356.500000000,2.325015612272770E+01,-1.902907579785986E+01,-1.439920756402048E-01,1.973586619755845E-03,2.446789880081695E-03,-9.553974897764845E-05
2454386.500000000,2.330924585459061E+01,-1.895558666243403E+01,-1.468666320077982E-01,1.966198752188582E-03,2.453243912505355E-03,-9.571898381130192E-05
2454416.500000000,2.336810629391937E+01,-1.888190376285810E+01,-1.497399315780885E-01,1.958654849981389E-03,2.459472767273306E-03,-9.593453521939137E-05
2454446.500000000,2.342673785026149E+01,-1.880802854234779E+01,-1.526120256058846E-01,1.950936320398183E-03,2.465613510482076E-03,-9.607505263122671E-05
2454476.500000000,2.348514055328566E+01,-1.873396094488452E+01,-1.554828107582868E-01,1.943049027273945E-03,2.471806506663228E-03,-9.605876357639850E-05
2454506.500000000,2.354331360505233E+01,-1.865970075799781E+01,-1.583521302249543E-01,1.935085112501846E-03,2.478138099560335E-03,-9.587518778215013E-05
2454536.500000000,2.360125606586297E+01,-1.858524775026935E+01,-1.612198527201361E-01,1.927155756652840E-03,2.484655019738988E-03,-9.558009142181481E-05
2454566.500000000,2.365896616293222E+01,-1.851060184777845E+01,-1.640858152767053E-01,1.919323021459477E-03,2.491290709742604E-03,-9.527263966438487E-05
2454596.500000000,2.371644211982566E+01,-1.843576422506965E+01,-1.669499796292635E-01,1.911637068305808E-03,2.497919798283165E-03,-9.506170461847761E-05
2454626.500000000,2.377368327773280E+01,-1.836073631996357E+01,-1.698124491700141E-01,1.904070638539744E-03,2.504450524080555E-03,-9.501468905029005E-05
2454656.500000000,2.383068898814327E+01,-1.828551907355108E+01,-1.726733050562355E-01,1.896500010375407E-03,2.510796459059280E-03,-9.512768794825794E-05
2454686.500000000,2.388745859770528E+01,-1.821011342822297E+01,-1.755326421647905E-01,1.888809639786684E-03,2.516943993593390E-03,-9.532981716326515E-05
2454716.500000000,2.394399153742448E+01,-1.813451962980237E+01,-1.783904959460899E-01,1.880904364591790E-03,2.522981881347596E-03,-9.551105652144998E-05
2454746.500000000,2.400028600172694E+01,-1.805873770542961E+01,-1.812467158894871E-01,1.872745192729018E-03,2.528980636667556E-03,-9.557213130724883E-05
2454776.500000000,2.405633984172466E+01,-1.798276880114728E+01,-1.841011233751026E-01,1.864417117229042E-03,2.535009908346406E-03,-9.546371713264960E-05
2454806.500000000,2.411215175728164E+01,-1.790661442320656E+01,-1.869535661333962E-01,1.856054981972915E-03,2.541155187884494E-03,-9.520216793334441E-05
2454836.500000000,2.416772069144917E+01,-1.783027623523245E+01,-1.898038958530649E-01,1.847794989317703E-03,2.547405505092069E-03,-9.487255301241933E-05
2454866.500000000,2.422304654380007E+01,-1.775375619795598E+01,-1.926521182751664E-01,1.839745736123488E-03,2.553698326668408E-03,-9.459062565215811E-05
2454896.500000000,2.427813014023980E+01,-1.767705508852882E+01,-1.954983340271375E-01,1.831880898848622E-03,2.559984076487620E-03,-9.444304415712874E-05
2454926.500000000,2.433297135633716E+01,-1.760017273559490E+01,-1.983426020812768E-01,1.824077387308898E-03,2.566169712519770E-03,-9.446240058822228E-05
2454956.500000000,2.438756922078087E+01,-1.752310916850970E+01,-2.011849911432011E-01,1.816204320741055E-03,2.572184280318163E-03,-9.461654312279835E-05
2454986.500000000,2.444192220369978E+01,-1.744586433336120E+01,-2.040254899318314E-01,1.808113864667727E-03,2.578035502147220E-03,-9.480982624377252E-05
2455016.500000000,2.449602776033767E+01,-1.736843901665666E+01,-2.068639623564293E-01,1.799743148030167E-03,2.583755703300371E-03,-9.493051047738668E-05
2455046.500000000,2.454988385709896E+01,-1.729083533467010E+01,-2.097003018159305E-01,1.791174950826439E-03,2.589432475094028E-03,-9.490164376290184E-05
2455076.500000000,2.460348962924832E+01,-1.721305521040368E+01,-2.125344012834917E-01,1.782525513452252E-03,2.595180399298859E-03,-9.470482687213194E-05
2455106.500000000,2.465684451023297E+01,-1.713510036542958E+01,-2.153661497263470E-01,1.773929370654740E-03,2.601040917971943E-03,-9.439180482758999E-05
2455136.500000000,2.470994864444452E+01,-1.705697231828404E+01,-2.181955496565682E-01,1.765510408499472E-03,2.607013660492933E-03,-9.406252754523892E-05
2455166.500000000,2.476280220777224E+01,-1.697867139203205E+01,-2.210226084595555E-01,1.757265893134879E-03,2.613043903646364E-03,-9.382057673798782E-05
2455196.500000000,2.481540420877114E+01,-1.690019798253051E+01,-2.238473039292372E-01,1.749119450131952E-03,2.618988235985682E-03,-9.373715478896726E-05
2455226.500000000,2.486775352799278E+01,-1.682155336647827E+01,-2.266696822495033E-01,1.740974558274140E-03,2.624740271569843E-03,-9.381499960693693E-05
2455256.500000000,2.491984917085107E+01,-1.674273876958570E+01,-2.294897473102710E-01,1.732694431585146E-03,2.630275696254372E-03,-9.398430404238030E-05
2455286.500000000,2.497168998918975E+01,-1.666375596519377E+01,-2.323074580735354E-01,1.724214599357023E-03,2.635614799458925E-03,-9.414436945786683E-05
2455316.500000000,2.502327578445767E+01,-1.658460694260918E+01,-2.351228194883269E-01,1.715564989892720E-03,2.640871575404981E-03,-9.419728944143304E-05
2455346.500000000,2.507460672665474E+01,-1.650529240030772E+01,-2.379357577638897E-01,1.706785071720735E-03,2.646196020576860E-03,-9.408125052097297E-05
2455376.500000000,2.512568225486120E+01,-1.642581263309748E+01,-2.407461446801526E-01,1.697975449723803E-03,2.651667973915547E-03,-9.381037272609508E-05
2455406.500000000,2.517650159829572E+01,-1.634616806770433E+01,-2.435539056762406E-01,1.689256946727487E-03,2.657302266135496E-03,-9.346536342370370E-05
2455436.500000000,2.522706333419322E+01,-1.626635898976707E+01,-2.463589322078519E-01,1.680655960086120E-03,2.663017522018113E-03,-9.315151144043925E-05
2455466.500000000,2.527736549612322E+01,-1.618638697535419E+01,-2.491611660118384E-01,1.672170373520135E-03,2.668659747772129E-03,-9.296360537551126E-05
2455496.500000000,2.532740714420351E+01,-1.610625470693421E+01,-2.519606915410535E-01,1.663771481075346E-03,2.674119445418147E-03,-9.294534338404694E-05
2455526.500000000,2.537718808998544E+01,-1.602596451475569E+01,-2.547575772232624E-01,1.655346643059279E-03,2.679334264663896E-03,-9.306723963017281E-05
2455556.500000000,2.542670856700710E+01,-1.594551865829422E+01,-2.575518845461595E-01,1.646804397605400E-03,2.684313631849465E-03,-9.324172683303473E-05
2455586.500000000,2.547596960458299E+01,-1.586491858704303E+01,-2.603436775396580E-01,1.638106279868028E-03,2.689189975097882E-03,-9.335601222417124E-05
2455616.500000000,2.552497150494292E+01,-1.578416423814464E+01,-2.631328510400182E-01,1.629233517780565E-03,2.694095188227959E-03,-9.332289583183177E-05
2455646.500000000,2.557371338045205E+01,-1.570325572440249E+01,-2.659192252220802E-01,1.620257173780413E-03,2.699100666393023E-03,-9.312029099566247E-05
2455676.500000000,2.562219430232822E+01,-1.562219370306150E+01,-2.687026680814534E-01,1.611299403129406E-03,2.704257509551041E-03,-9.279130347158955E-05
2455706.500000000,2.567041298565657E+01,-1.554097905756777E+01,-2.714830351337092E-01,1.602448694412077E-03,2.709520348761547E-03,-9.243201383777455E-05
2455736.500000000,2.571836838466312E+01,-1.545961378102080E+01,-2.742603037838650E-01,1.593776129397991E-03,2.714769087714062E-03,-9.215774834952781E-05
2455766.500000000,2.576606076713410E+01,-1.537810000948638E+01,-2.770346090644585E-01,1.585269228888782E-03,2.719918118140653E-03,-9.204276622319439E-05
2455796.500000000,2.581349044950529E+01,-1.529643897845916E+01,-2.798060544751040E-01,1.576803671461525E-03,2.724890655923715E-03,-9.209120154640668E-05
2455826.500000000,2.586065739192575E+01,-1.521463184478574E+01,-2.825747291574110E-01,1.568256911777769E-03,2.729653045222079E-03,-9.224378828847903E-05
2455856.500000000,2.590756154920829E+01,-1.513267943194612E+01,-2.853406724935432E-01,1.559529718998390E-03,2.734265326401474E-03,-9.239560445026428E-05
2455886.500000000,2.595420188631234E+01,-1.505058242000439E+01,-2.881037438335619E-01,1.550569558723421E-03,2.738793076330849E-03,-9.243990436021382E-05
2455916.500000000,2.600057722707772E+01,-1.496834257834688E+01,-2.908637783644823E-01,1.541457950012011E-03,2.743316769595076E-03,-9.231668264551646E-05
2455946.500000000,2.604668755122804E+01,-1.488596190914906E+01,-2.936206658949655E-01,1.532343061964002E-03,2.747942774925259E-03,-9.203510124462855E-05
2455976.500000000,2.609253316043289E+01,-1.480344199172032E+01,-2.963742923446501E-01,1.523353245825667E-03,2.752684913324669E-03,-9.167226271724753E-05
2456006.500000000,2.613811492002458E+01,-1.472078433500931E+01,-2.991246737885137E-01,1.514585218180314E-03,2.757501084633252E-03,-9.133801788269234E-05
2456036.500000000,2.618343424593506E+01,-1.463798933393613E+01,-3.018719220277135E-01,1.506025674421519E-03,2.762349736515466E-03,-9.112547682173969E-05
2456066.500000000,2.622849126577785E+01,-1.455505656884200E+01,-3.046160852406805E-01,1.497555230841730E-03,2.767114363580789E-03,-9.108144942500577E-05
2456096.500000000,2.627328510170006E+01,-1.447198631044479E+01,-3.073572175278351E-01,1.489039766724861E-03,2.771688958045377E-03,-9.118317038063194E-05
2456126.500000000,2.631781473877686E+01,-1.438877923339270E+01,-3.100953370496837E-01,1.480346706031269E-03,2.776071540724930E-03,-9.133963850529820E-05
2456156.500000000,2.636207860751530E+01,-1.430543673620874E+01,-3.128303477982764E-01,1.471418632082579E-03,2.780291129021694E-03,-9.144155382260513E-05
2456186.500000000,2.640607587866431E+01,-1.422196131675186E+01,-3.155621821652532E-01,1.462327999748885E-03,2.784432675298096E-03,-9.140676319173522E-05
2456216.500000000,2.644980714590248E+01,-1.413835496391988E+01,-3.182907852302066E-01,1.453181659805643E-03,2.788637643856109E-03,-9.120261104361204E-05
2456246.500000000,2.649327312385146E+01,-1.405461889505609E+01,-3.210160615616703E-01,1.444100663015078E-03,2.792978804116965E-03,-9.086760345875939E-05
2456276.500000000,2.653647474704130E+01,-1.397075398697237E+01,-3.237379943996697E-01,1.435207270239592E-03,2.797462069661994E-03,-9.049907010846960E-05
2456306.500000000,2.657941282797733E+01,-1.388676012472963E+01,-3.264565822118694E-01,1.426509656969509E-03,2.802033303215265E-03,-9.020442310677996E-05
2456336.500000000,2.662208691625977E+01,-1.380263734027430E+01,-3.291717929455462E-01,1.417936156880153E-03,2.806546763993226E-03,-9.006012800456115E-05
2456366.500000000,2.666449642411467E+01,-1.371838674651941E+01,-3.318836841710130E-01,1.409406747064260E-03,2.810885511864034E-03,-9.008114942342086E-05
2456396.500000000,2.670664120403623E+01,-1.363400945733361E+01,-3.345923150193489E-01,1.400798864568184E-03,2.815016275901464E-03,-9.021190594706100E-05
2456426.500000000,2.674852098178909E+01,-1.354950683970728E+01,-3.372976923480430E-01,1.392027319682574E-03,2.818949244745580E-03,-9.035359274467667E-05
2456456.500000000,2.679013622084532E+01,-1.346488035549405E+01,-3.399998548765296E-01,1.383098499443383E-03,2.822796787401680E-03,-9.040050223656115E-05
2456486.500000000,2.683148765571766E+01,-1.338013014399120E+01,-3.426987560606250E-01,1.374040196459774E-03,2.826718377642645E-03,-9.028231835860749E-05
2456516.500000000,2.687257497044837E+01,-1.329525599663059E+01,-3.453942528363514E-01,1.364937712798822E-03,2.830787136723321E-03,-9.000343326711985E-05
2456546.500000000,2.691339754828783E+01,-1.321025826197279E+01,-3.480862475943173E-01,1.355915817556489E-03,2.835012969838751E-03,-8.963456222867623E-05
2456576.500000000,2.695395460778626E+01,-1.312513735627270E+01,-3.507746397999065E-01,1.347028197499624E-03,2.839337878135907E-03,-8.927752188831188E-05
2456606.500000000,2.699424514323485E+01,-1.303989477394612E+01,-3.534593829697998E-01,1.338301043261817E-03,2.843621714420495E-03,-8.903535984647813E-05
2456636.500000000,2.703426934672909E+01,-1.295453285312195E+01,-3.561405896075648E-01,1.329723676135040E-03,2.847753104611037E-03,-8.896541716546207E-05
2456666.500000000,2.707402830051453E+01,-1.286905304826168E+01,-3.588183747453245E-01,1.321174299360937E-03,2.851683705115694E-03,-8.904552940391629E-05
2456696.500000000,2.711352301116519E+01,-1.278345624898946E+01,-3.614928186381734E-01,1.312536501591685E-03,2.855424920986986E-03,-8.919261441970349E-05
2456726.500000000,2.715275459820240E+01,-1.269774264399497E+01,-3.641639870877486E-01,1.303751269961742E-03,2.859081444087521E-03,-8.929836516070045E-05
2456756.500000000,2.719172318313515E+01,-1.261191124073724E+01,-3.668317753518048E-01,1.294770949532838E-03,2.862765207523769E-03,-8.926803943133877E-05
2456786.500000000,2.723042755761969E+01,-1.252596164303937E+01,-3.694959918905401E-01,1.285652250661491E-03,2.866544319283992E-03,-8.906413986483525E-05
2456816.500000000,2.726886669415697E+01,-1.243989445362977E+01,-3.721565119264175E-01,1.276540079410835E-03,2.870475104512104E-03,-8.872209318169274E-05
2456846.500000000,2.730703972850809E+01,-1.235371042492440E+01,-3.748132162141027E-01,1.267541186304385E-03,2.874529517070425E-03,-8.833535660534591E-05
2456876.500000000,2.734494616313658E+01,-1.226741110207786E+01,-3.774660940898590E-01,1.258732597800731E-03,2.878604886731014E-03,-8.801825901207909E-05
2456906.500000000,2.738258675882285E+01,-1.218099800139488E+01,-3.801152941288384E-01,1.250116689460472E-03,2.882627848596601E-03,-8.785143573454077E-05
2456936.500000000,2.741996220959838E+01,-1.209447146275937E+01,-3.827609226216377E-01,1.241571172044765E-03,2.886521832675704E-03,-8.785147559660210E-05
2456966.500000000,2.745707245926969E+01,-1.200783179568310E+01,-3.854030448690653E-01,1.232962446398027E-03,2.890225476413875E-03,-8.797065646600769E-05
2456996.500000000,2.749391737277435E+01,-1.192107939223158E+01,-3.880416931286969E-01,1.224185671632934E-03,2.893773903363002E-03,-8.810690310571575E-05
2457026.500000000,2.753049611048457E+01,-1.183421452747800E+01,-3.906767389026804E-01,1.215179867396761E-03,2.897236391408843E-03,-8.814791615379468E-05
2457056.500000000,2.756680775644868E+01,-1.174723843498845E+01,-3.933080303006510E-01,1.206020564908795E-03,2.900697620009037E-03,-8.802803841815745E-05
2457086.500000000,2.760285259663984E+01,-1.166015249227750E+01,-3.959354874792296E-01,1.196850429884281E-03,2.904272330244304E-03,-8.774696450291057E-05
2457116.500000000,2.763863116873466E+01,-1.157295725742095E+01,-3.985590155115662E-01,1.187780855788927E-03,2.908003623885616E-03,-8.736745608915398E-05
2457146.500000000,2.767414409125046E+01,-1.148565308455899E+01,-4.011786150993520E-01,1.178906846116180E-03,2.911864369326585E-03,-8.699634573024171E-05
2457176.500000000,2.770939217521553E+01,-1.139823956633423E+01,-4.037943769513574E-01,1.170230399611961E-03,2.915799602517683E-03,-8.673594860913978E-05
2457206.500000000,2.774437486201694E+01,-1.131071578339748E+01,-4.064063187637136E-01,1.161634553378885E-03,2.919673342418063E-03,-8.664134640319114E-05
2457236.500000000,2.777909065695301E+01,-1.122308193862129E+01,-4.090144692994707E-01,1.152995548983689E-03,2.923360621809252E-03,-8.669876800968589E-05
2457266.500000000,2.781353840002507E+01,-1.113533899094066E+01,-4.116188656833681E-01,1.144205582359968E-03,2.926846875227445E-03,-8.682814511782675E-05
2457296.500000000,2.784771683585176E+01,-1.104748835096193E+01,-4.142194414970255E-01,1.135204027798326E-03,2.930155855520622E-03,-8.692317230651803E-05
2457326.500000000,2.788162554142353E+01,-1.095953216957087E+01,-4.168161491659926E-01,1.126041237112879E-03,2.933377414938677E-03,-8.689295996415542E-05
2457356.500000000,2.791526551968657E+01,-1.087147179826806E+01,-4.194089574377827E-01,1.116812512543254E-03,2.936679914090921E-03,-8.669107086291257E-05
2457386.500000000,2.794863754960172E+01,-1.078330737908443E+01,-4.219977555405073E-01,1.107624015521326E-03,2.940155238820409E-03,-8.634653200548280E-05
2457416.500000000,2.798174204752469E+01,-1.069503878042424E+01,-4.245824770828405E-01,1.098585288364520E-03,2.943802439751510E-03,-8.595225498040557E-05
2457446.500000000,2.801457916886883E+01,-1.060666533164383E+01,-4.271630914585520E-01,1.089713994018059E-03,2.947570288575385E-03,-8.561344352535071E-05
2457476.500000000,2.804714785539688E+01,-1.051818669625168E+01,-4.297395459884042E-01,1.080958649482435E-03,2.951315403662512E-03,-8.541393114075383E-05
2457506.500000000,2.807944699396296E+01,-1.042960383216352E+01,-4.323118932721100E-01,1.072258827781469E-03,2.954900056882136E-03,-8.538525007764938E-05
2457536.500000000,2.811147626105061E+01,-1.034091778838117E+01,-4.348802260291856E-01,1.063498831543234E-03,2.958281440859470E-03,-8.548172705894543E-05
2457566.500000000,2.814323526456521E+01,-1.025212954586312E+01,-4.374445728057718E-01,1.054577177464849E-03,2.961470957672392E-03,-8.560491556964097E-05
2457596.500000000,2.817472406594115E+01,-1.016324008407404E+01,-4.400049693361021E-01,1.045481946918560E-03,2.964570754876086E-03,-8.564738309784287E-05
2457626.500000000,2.820594287499900E+01,-1.007424922772077E+01,-4.425613612549766E-01,1.036227325539819E-03,2.967733182111743E-03,-8.553200738845161E-05
2457656.500000000,2.823689070231472E+01,-9.985156617761357E+00,-4.451135673008019E-01,1.026882473826375E-03,2.971026980196815E-03,-8.524950760546281E-05
2457686.500000000,2.826756633272714E+01,-9.895962822907732E+00,-4.476614508275557E-01,1.017581592131211E-03,2.974467088787465E-03,-8.485946378720034E-05
2457716.500000000,2.829796893427202E+01,-9.806668595302776E+00,-4.502049092070251E-01,1.008412885545792E-03,2.978020328725644E-03,-8.446332943419692E-05
2457746.500000000,2.832809771967513E+01,-9.717275378778297E+00,-4.527438939094079E-01,9.994199992237800E-04,2.981558904078584E-03,-8.417136361877142E-05
2457776.500000000,2.835795305415233E+01,-9.627785117479220E+00,-4.552785209172355E-01,9.905935572131195E-04,2.984976503334362E-03,-8.404819460551475E-05
2457806.500000000,2.838753609228694E+01,-9.538198525340485E+00,-4.578089242766333E-01,9.818091433008089E-04,2.988239200142188E-03,-8.408053766602271E-05
2457836.500000000,2.841684731345105E+01,-9.448515552567214E+00,-4.603351708525766E-01,9.729312009101348E-04,2.991337309667336E-03,-8.419650325878521E-05
2457866.500000000,2.844588674018335E+01,-9.358735894645259E+00,-4.628572974830698E-01,9.638754304490846E-04,2.994332296050759E-03,-8.428982250868341E-05
2457896.500000000,2.847465347981188E+01,-9.268858633569929E+00,-4.653751880583805E-01,9.545812428480623E-04,2.997325654072608E-03,-8.425585019910427E-05
2457926.500000000,2.850314550913246E+01,-9.178883773397009E+00,-4.678886354301194E-01,9.451092489811270E-04,3.000384756603406E-03,-8.404735622708782E-05
2457956.500000000,2.853136133531730E+01,-9.088812549771802E+00,-4.703975124703723E-01,9.356211703566066E-04,3.003566215469536E-03,-8.369309544151996E-05
2457986.500000000,2.855930017426150E+01,-8.998646134266377E+00,-4.729017163050740E-01,9.262334370191363E-04,3.006869552146908E-03,-8.327822877979502E-05
2458016.500000000,2.858696165831419E+01,-8.908386045180016E+00,-4.754012311665157E-01,9.170287830730499E-04,3.010220145235213E-03,-8.291374865079496E-05
2458046.500000000,2.861434646808276E+01,-8.818033596232045E+00,-4.778961894676404E-01,9.080261085742128E-04,3.013551074618385E-03,-8.268940060617632E-05
2458076.500000000,2.864145509278085E+01,-8.727588800389894E+00,-4.803866760303755E-01,8.991047029142391E-04,3.016776983368098E-03,-8.263526963619564E-05
2458106.500000000,2.866828697640309E+01,-8.637051742136398E+00,-4.828727175563323E-01,8.901178682878472E-04,3.019813696579369E-03,-8.271133984921526E-05
2458136.500000000,2.869484146398142E+01,-8.546422956379780E+00,-4.853543316415752E-01,8.809638930043101E-04,3.022680301171367E-03,-8.281959373718251E-05
2458166.500000000,2.872111750059712E+01,-8.455702850881785E+00,-4.878314035635526E-01,8.715799325926425E-04,3.025442643527368E-03,-8.284938812382905E-05
2458196.500000000,2.874711395376032E+01,-8.364892633365505E+00,-4.903037914021832E-01,8.620214681592785E-04,3.028180739563549E-03,-8.272768170464214E-05
2458226.500000000,2.877283084432635E+01,-8.273993636877357E+00,-4.927714326635618E-01,8.524200251885841E-04,3.031022701291652E-03,-8.243928584038879E-05
2458256.500000000,2.879826840066644E+01,-8.183006127281004E+00,-4.952342361704448E-01,8.428815561536498E-04,3.034038523923755E-03,-8.203606169895089E-05
2458286.500000000,2.882342651258930E+01,-8.091930152567118E+00,-4.976921648868409E-01,8.334994295802620E-04,3.037201874384346E-03,-8.162356442502889E-05
2458316.500000000,2.884830503406966E+01,-8.000765468617207E+00,-5.001452673894307E-01,8.242887827858298E-04,3.040443818819500E-03,-8.130808392820067E-05
2458346.500000000,2.887290265164466E+01,-7.909511631998488E+00,-5.025935276986668E-01,8.151478169105669E-04,3.043623086229069E-03,-8.115123267056373E-05
2458376.500000000,2.889721736846865E+01,-7.818169566691147E+00,-5.050369519771716E-01,8.059752186487232E-04,3.046602725875321E-03,-8.115215574933056E-05
2458406.500000000,2.892124799265572E+01,-7.726741092409433E+00,-5.074755950078533E-01,7.966855340131661E-04,3.049352899087912E-03,-8.124418516754430E-05
2458436.500000000,2.894499366201345E+01,-7.635228035738181E+00,-5.099094199231171E-01,7.872040683947008E-04,3.051899804328263E-03,-8.132077348110499E-05
2458466.500000000,2.896845426577013E+01,-7.543632475327821E+00,-5.123383915383072E-01,7.775562865016136E-04,3.054348802961725E-03,-8.128149213454485E-05
2458496.500000000,2.899163084686698E+01,-7.451955459456859E+00,-5.147624846647856E-01,7.678266420302263E-04,3.056880656499367E-03,-8.107239067008436E-05
2458526.500000000,2.901452378143090E+01,-7.360196613617566E+00,-5.171815602930505E-01,7.580943934185318E-04,3.059588205025317E-03,-8.071227752963642E-05
2458556.500000000,2.903713257098838E+01,-7.268355592902721E+00,-5.195954982552436E-01,7.484540904310725E-04,3.062468308592220E-03,-8.028275693919135E-05
2458586.500000000,2.905945648885475E+01,-7.176432126964469E+00,-5.220042428292891E-01,7.389524442699746E-04,3.065474202229448E-03,-7.988935057918160E-05
2458616.500000000,2.908149390743671E+01,-7.084426439608811E+00,-5.244077303578374E-01,7.295653424510116E-04,3.068458890983357E-03,-7.962665008978970E-05
2458646.500000000,2.910324336900746E+01,-6.992340100635703E+00,-5.268060124346848E-01,7.202447353691724E-04,3.071272568278890E-03,-7.953777556343443E-05
2458676.500000000,2.912470453800086E+01,-6.900174739567371E+00,-5.291992124289253E-01,7.108857502589427E-04,3.073874755950234E-03,-7.958521239398118E-05
2458706.500000000,2.914587703249739E+01,-6.807931511369840E+00,-5.315873733271811E-01,7.013766559770212E-04,3.076277695517270E-03,-7.967539950608548E-05
2458736.500000000,2.916676056864107E+01,-6.715611484257629E+00,-5.339705139761023E-01,6.916836184662330E-04,3.078563144873984E-03,-7.970199092733685E-05
2458766.500000000,2.918735491349835E+01,-6.623214866386486E+00,-5.363485648184089E-01,6.818048893488486E-04,3.080871535970501E-03,-7.957892854463889E-05
2458796.500000000,2.920765868292433E+01,-6.530741813056014E+00,-5.387213142054534E-01,6.717999330850702E-04,3.083279366700319E-03,-7.928137124471536E-05
2458826.500000000,2.922767042246860E+01,-6.438193571080453E+00,-5.410885972212751E-01,6.618183252904500E-04,3.085811711479009E-03,-7.886185230850725E-05
2458856.500000000,2.924738950096389E+01,-6.345571526448805E+00,-5.434503184148225E-01,6.519717111797474E-04,3.088453996806136E-03,-7.842158958524777E-05
2458886.500000000,2.926681543093835E+01,-6.252877256341667E+00,-5.458064325569616E-01,6.423045614091260E-04,3.091101177392938E-03,-7.807031017127986E-05
2458916.500000000,2.928594858191317E+01,-6.160112537359454E+00,-5.481570524401590E-01,6.328105691061882E-04,3.093656739847386E-03,-7.788030327093443E-05
2458946.500000000,2.930478984593745E+01,-6.067277861907720E+00,-5.505023182715513E-01,6.233685461385454E-04,3.096079858159989E-03,-7.785304993230207E-05
2458976.500000000,2.932333894628688E+01,-5.974373044302419E+00,-5.528422726676382E-01,6.138212550426491E-04,3.098328955923751E-03,-7.792530562474015E-05
2459006.500000000,2.934159484694066E+01,-5.881398234526575E+00,-5.551769202659934E-01,6.040693492211430E-04,3.100429902390496E-03,-7.799078127896575E-05
2459036.500000000,2.935955597364254E+01,-5.788353528029113E+00,-5.575061450027625E-01,5.940588036252505E-04,3.102476942719667E-03,-7.794013831782843E-05
2459066.500000000,2.937722000644281E+01,-5.695240029975567E+00,-5.598297388464705E-01,5.838544826507217E-04,3.104535886645686E-03,-7.771917231233914E-05
2459096.500000000,2.939458548593933E+01,-5.602060060111926E+00,-5.621475795616322E-01,5.736211441547554E-04,3.106668520426130E-03,-7.734611072412110E-05
2459126.500000000,2.941165210520013E+01,-5.508815564023381E+00,-5.644595860984736E-01,5.634818960503999E-04,3.108914001409235E-03,-7.689400775499783E-05
2459156.500000000,2.942841988327386E+01,-5.415508312644519E+00,-5.667657338164853E-01,5.535280717614760E-04,3.111226521750723E-03,-7.647308541359843E-05
2459186.500000000,2.944488951268774E+01,-5.322139738579897E+00,-5.690661250907988E-01,5.437861580815012E-04,3.113531277711630E-03,-7.618356010832800E-05
2459216.500000000,2.946106135929779E+01,-5.228710030795969E+00,-5.713608210434047E-01,5.341314084232116E-04,3.115736873646740E-03,-7.606329437884633E-05
2459246.500000000,2.947693453037892E+01,-5.135219603189495E+00,-5.736498194911790E-01,5.244166253709542E-04,3.117746789651919E-03,-7.608061827827267E-05
2459276.500000000,2.949250803220145E+01,-5.041669675187691E+00,-5.759331349090395E-01,5.145506208453881E-04,3.119552731597024E-03,-7.614902937821509E-05
2459306.500000000,2.950778082093013E+01,-4.948061386386291E+00,-5.782106834018107E-01,5.044613613742165E-04,3.121210511588592E-03,-7.615834468478095E-05
2459336.500000000,2.952275182297357E+01,-4.854396513994465E+00,-5.804823456462844E-01,4.941835534136254E-04,3.122804406871173E-03,-7.602416901738337E-05
2459366.500000000,2.953742106122835E+01,-4.760676936419972E+00,-5.827480769521733E-01,4.838446271376559E-04,3.124473825267278E-03,-7.571959122727646E-05
2459396.500000000,2.955178876126753E+01,-4.666903295243113E+00,-5.850077884109027E-01,4.735454159155133E-04,3.126305948078994E-03,-7.528772384230655E-05
2459426.500000000,2.956585447368074E+01,-4.573076057235488E+00,-5.872614032942016E-01,4.633731361333045E-04,3.128272920436653E-03,-7.482898444732656E-05
2459456.500000000,2.957961762716747E+01,-4.479195886430233E+00,-5.895089317338822E-01,4.533609931198322E-04,3.130300166343520E-03,-7.444986659719077E-05
2459486.500000000,2.959307691052076E+01,-4.385263477035635E+00,-5.917503429966119E-01,4.434376107846827E-04,3.132251743153626E-03,-7.422115823935634E-05
2459516.500000000,2.960623066814141E+01,-4.291280882830545E+00,-5.939856398103858E-01,4.335248521740063E-04,3.133978712063673E-03,-7.415822700674881E-05
2459546.500000000,2.961907841295643E+01,-4.197250958054932E+00,-5.962149063193430E-01,4.235450757923216E-04,3.135441988530297E-03,-7.420351989970949E-05
2459576.500000000,2.963162025865874E+01,-4.103176002164020E+00,-5.984381469859019E-01,4.134088107676182E-04,3.136684933163062E-03,-7.424923262670075E-05
2459606.500000000,2.964385672676561E+01,-4.009058069034471E+00,-6.006553410651485E-01,4.031177104762475E-04,3.137817254118388E-03,-7.419264119851617E-05
2459636.500000000,2.965578897589240E+01,-3.914898174662101E+00,-6.028664637002359E-01,3.927310935329185E-04,3.139009115721338E-03,-7.397224630608671E-05
2459666.500000000,2.966741713353732E+01,-3.820696047803858E+00,-6.050713549861609E-01,3.823013510986923E-04,3.140354161874133E-03,-7.359117830519467E-05
2459696.500000000,2.967874021083158E+01,-3.726451926669315E+00,-6.072698587542351E-01,3.719269456815667E-04,3.141849727704350E-03,-7.312163389074716E-05
2459726.500000000,2.968975727833423E+01,-3.632166708411134E+00,-6.094619139707941E-01,3.616921504838991E-04,3.143447914265016E-03,-7.267218695493185E-05
2459756.500000000,2.970046704377472E+01,-3.537841771819631E+00,-6.116474697360015E-01,3.515962556784375E-04,3.145005936360577E-03,-7.234443819523940E-05
2459786.500000000,2.971086865056487E+01,-3.443479661345088E+00,-6.138265942896952E-01,3.416020577231301E-04,3.146378564613724E-03,-7.218908056719611E-05
2459816.500000000,2.972096257293848E+01,-3.349082826076899E+00,-6.159994488705185E-01,3.316213292626721E-04,3.147531342950133E-03,-7.217950270093729E-05
2459846.500000000,2.973074919407836E+01,-3.254652825937737E+00,-6.181660957907222E-01,3.215323675236284E-04,3.148467203283586E-03,-7.223175745132941E-05
2459876.500000000,2.974022863216020E+01,-3.160191103563502E+00,-6.203265427239785E-01,3.112712302297891E-04,3.149243692847441E-03,-7.223800077390035E-05
2459906.500000000,2.974940103675099E+01,-3.065698594378618E+00,-6.224807209761019E-01,3.008277824096561E-04,3.149998258350583E-03,-7.210147018485356E-05
2459936.500000000,2.975826561254338E+01,-2.971176198910375E+00,-6.246284187795387E-01,2.902641947353799E-04,3.150816742790989E-03,-7.178815029725799E-05
2459966.500000000,2.976682163328211E+01,-2.876625864562985E+00,-6.267694730853488E-01,2.797324887582284E-04,3.151729680073852E-03,-7.134367435916696E-05
2459996.500000000,2.977506946608468E+01,-2.782049566566491E+00,-6.289038219183296E-01,2.693544620841756E-04,3.152748297515811E-03,-7.086184304242513E-05
2460026.500000000,2.978300961516984E+01,-2.687448999330812E+00,-6.310314461394106E-01,2.591806134743477E-04,3.153796003397594E-03,-7.045185881011976E-05
2460056.500000000,2.979064306786911E+01,-2.592825860510489E+00,-6.331524659274326E-01,2.492094145504589E-04,3.154775013547297E-03,-7.019695413017717E-05
2460086.500000000,2.979797109629591E+01,-2.498180728480903E+00,-6.352670346296120E-01,2.393225901740389E-04,3.155627793650102E-03,-7.011154825798765E-05
2460116.500000000,2.980499357458673E+01,-2.403513690256949E+00,-6.373751880979961E-01,2.293504421764233E-04,3.156288105514204E-03,-7.013860870117292E-05
2460146.500000000,2.981170959368431E+01,-2.308825651904190E+00,-6.394769252903417E-01,2.191935018223934E-04,3.156756166334566E-03,-7.017484468554889E-05
2460176.500000000,2.981811823935957E+01,-2.214117824001409E+00,-6.415721642562228E-01,2.088127024741940E-04,3.157117645344759E-03,-7.011170277560067E-05
2460206.500000000,2.982421829559338E+01,-2.119392207596237E+00,-6.436607313203694E-01,1.982655767774409E-04,3.157441309104278E-03,-6.988581549860522E-05
2460236.500000000,2.983000962352489E+01,-2.024651726696864E+00,-6.457425357829653E-01,1.877100295375271E-04,3.157811447669388E-03,-6.949986751493044E-05
2460266.500000000,2.983549346811618E+01,-1.929898515902818E+00,-6.478175382957715E-01,1.772809564501896E-04,3.158308878045283E-03,-6.901883790982213E-05
2460296.500000000,2.984067110994079E+01,-1.835133965057186E+00,-6.498857172540619E-01,1.670660953104766E-04,3.158904148925715E-03,-6.855351558727617E-05
2460326.500000000,2.984554395841152E+01,-1.740359069725574E+00,-6.519471537850333E-01,1.570838388648927E-04,3.159516553845290E-03,-6.820730720174950E-05
2460356.500000000,2.985011294698369E+01,-1.645573835242989E+00,-6.540019082599942E-01,1.472191267720201E-04,3.160055463048851E-03,-6.802609768564965E-05
2460386.500000000,2.985437764544167E+01,-1.550778682337405E+00,-6.560499815830382E-01,1.373350808131258E-04,3.160405229555120E-03,-6.799244004366497E-05
2460416.500000000,2.985833759208070E+01,-1.455975137517449E+00,-6.580914147557924E-01,1.273445872750606E-04,3.160526170712363E-03,-6.803060920206585E-05
2460446.500000000,2.986199269989861E+01,-1.361164667578213E+00,-6.601261868963929E-01,1.171681674544614E-04,3.160473826323699E-03,-6.802816483786504E-05
2460476.500000000,2.986534292858425E+01,-1.266349072172604E+00,-6.621542266783930E-01,1.068253014153673E-04,3.160343854752765E-03,-6.789127461441490E-05
2460506.500000000,2.986838917674174E+01,-1.171530113232685E+00,-6.641755185134149E-01,9.643622159205694E-05,3.160279080295827E-03,-6.758510639810873E-05
2460536.500000000,2.987113248444416E+01,-1.076708204984843E+00,-6.661899883854330E-01,8.608825348029838E-05,3.160377170665466E-03,-6.714208535924450E-05
2460566.500000000,2.987357294110329E+01,-9.818836482990431E-01,-6.681975383347745E-01,7.586133531336606E-05,3.160618758671047E-03,-6.665188692099044E-05
2460596.500000000,2.987571052227478E+01,-8.870573393039044E-01,-6.701981634030878E-01,6.581931420850669E-05,3.160931452838268E-03,-6.622380634671423E-05
2460626.500000000,2.987754497512374E+01,-7.922302609259910E-01,-6.721918509251557E-01,5.592241364740469E-05,3.161183687794745E-03,-6.594131936983857E-05
2460656.500000000,2.987907596483475E+01,-6.974044631011894E-01,-6.741786302138747E-01,4.609968944274801E-05,3.161226485748055E-03,-6.583010905267771E-05
2460686.500000000,2.988030441935670E+01,-6.025825021125020E-01,-6.761586345906330E-01,3.627783585579212E-05,3.161025367381351E-03,-6.584054177621823E-05
2460716.500000000,2.988123185112057E+01,-5.077658309296614E-01,-6.781319260747891E-01,2.635310601356766E-05,3.160632811943855E-03,-6.587026467575316E-05
2460746.500000000,2.988185957807696E+01,-4.129553093489934E-01,-6.800985055353544E-01,1.628998259201080E-05,3.160146085752746E-03,-6.581465071270783E-05
2460776.500000000,2.988218894815516E+01,-3.181510440587647E-01,-6.820583529889793E-01,6.119025891744894E-06,3.159717981422052E-03,-6.560108209983418E-05
2460806.500000000,2.988222014559061E+01,-2.233522271934923E-01,-6.840113075988825E-01,-4.119109292864395E-06,3.159445370649243E-03,-6.521810780342757E-05
2460836.500000000,2.988195226246366E+01,-1.285589614150567E-01,-6.859572026208529E-01,-1.431236431691361E-05,3.159326820182044E-03,-6.473157325734866E-05
2460866.500000000,2.988138481928699E+01,-3.377235113573117E-02,-6.878959923370656E-01,-2.434671421253964E-05,3.159315038682045E-03,-6.425112967431624E-05
2460896.500000000,2.988051749767020E+01,6.100626139877355E-02,-6.898276593862344E-01,-3.420823765775649E-05,3.159289235386750E-03,-6.387922517958299E-05
2460926.500000000,2.987935050391408E+01,1.557747574414896E-01,-6.917522982074191E-01,-4.392010559660315E-05,3.159121456537658E-03,-6.367525186011388E-05
2460956.500000000,2.987788529502483E+01,2.505313314664492E-01,-6.936701017944669E-01,-5.355835294655976E-05,3.158770404574431E-03,-6.362882096348799E-05
2460986.500000000,2.987612303485948E+01,3.452753938027883E-01,-6.955811463630300E-01,-6.326946637460896E-05,3.158225297494475E-03,-6.366206861168079E-05
2461016.500000000,2.987406419518110E+01,4.400064171295493E-01,-6.974854283317791E-01,-7.314403310953321E-05,3.157529840896216E-03,-6.366374308020863E-05
2461046.500000000,2.987170920986036E+01,5.347240027176837E-01,-6.993828860342971E-01,-8.319079536972914E-05,3.156812151739933E-03,-6.353360357296105E-05
2461076.500000000,2.986905774391371E+01,6.294278192327779E-01,-7.012733225166230E-01,-9.335627421570194E-05,3.156159253216607E-03,-6.322954940526216E-05
2461106.500000000,2.986610952006985E+01,7.241165753837725E-01,-7.031565878703429E-01,-1.035003046875738E-04,3.155612954069222E-03,-6.278448978334118E-05
2461136.500000000,2.986286542215736E+01,8.187889718895629E-01,-7.050326549460103E-01,-1.134904941164975E-04,3.155210846517850E-03,-6.228391530800196E-05
2461166.500000000,2.985932639464190E+01,9.134443328086732E-01,-7.069015247578844E-01,-1.232688708523656E-04,3.154897043752815E-03,-6.183878042265903E-05
2461196.500000000,2.985549344309488E+01,1.008082049830983E+00,-7.087633075749831E-01,-1.328385714251375E-04,3.154564151122039E-03,-6.154189624814098E-05
2461226.500000000,2.985136762796295E+01,1.102702284161978E+00,-7.106181517104964E-01,-1.423153377690063E-04,3.154137998871720E-03,-6.141640794274142E-05
2461256.500000000,2.984694857216150E+01,1.197305434193534E+00,-7.124660811462395E-01,-1.518660985923108E-04,3.153536412934652E-03,-6.141319116188270E-05
2461286.500000000,2.984223522310976E+01,1.291890716203722E+00,-7.143070890356948E-01,-1.615822836884005E-04,3.152731007952307E-03,-6.143861431588143E-05
2461316.500000000,2.983722702890817E+01,1.386456827859444E+00,-7.161411278580154E-01,-1.714996621466186E-04,3.151796345150087E-03,-6.138333053739721E-05
2461346.500000000,2.983192350373309E+01,1.481002063958974E+00,-7.179680583157430E-01,-1.815746595232216E-04,3.150820084419425E-03,-6.117051659774635E-05
2461376.500000000,2.982632523023320E+01,1.575524213602502E+00,-7.197878095416818E-01,-1.916560533469910E-04,3.149910348221946E-03,-6.079185324375280E-05
2461406.500000000,2.982043408178099E+01,1.670022201537595E+00,-7.216003613961852E-01,-2.016113124399747E-04,3.149172132381675E-03,-6.030579892530608E-05
2461436.500000000,2.981425146301646E+01,1.764496072171492E+00,-7.234056710347813E-01,-2.113721473994582E-04,3.148588640652975E-03,-5.981717311668583E-05
2461466.500000000,2.980777828220898E+01,1.858946034585893E+00,-7.252037766051020E-01,-2.209238052594334E-04,3.148073406887481E-03,-5.943095403422765E-05
2461496.500000000,2.980101491429383E+01,1.953372742291132E+00,-7.269947260871849E-01,-2.303570824861095E-04,3.147526667223343E-03,-5.920516362379353E-05
2461526.500000000,2.979396047954537E+01,2.047776185201982E+00,-7.287785172945914E-01,-2.397962997462720E-04,3.146808918887137E-03,-5.913712775820180E-05
2461556.500000000,2.978661424683118E+01,2.142155030512938E+00,-7.305552063006820E-01,-2.493294126715041E-04,3.145856704744480E-03,-5.915824678672509E-05
2461586.500000000,2.977897627910931E+01,2.236508029366502E+00,-7.323248205062637E-01,-2.590356192522391E-04,3.144734180385840E-03,-5.915474228788700E-05
2461616.500000000,2.977104668598589E+01,2.330833985126800E+00,-7.340873124992114E-01,-2.689082649301975E-04,3.143540857903439E-03,-5.902943909589619E-05
2461646.500000000,2.976282619696289E+01,2.425131846690108E+00,-7.358426596091582E-01,-2.788515506938703E-04,3.142409305857073E-03,-5.873830123208964E-05
2461676.500000000,2.975431557355878E+01,2.519401797832728E+00,-7.375907728416013E-01,-2.887934183296688E-04,3.141451712656276E-03,-5.829746353048283E-05
2461706.500000000,2.974551447107255E+01,2.613643980281604E+00,-7.393315124687899E-01,-2.986458960312815E-04,3.140659814782803E-03,-5.778910888597475E-05
2461736.500000000,2.973642251950281E+01,2.707857615541172E+00,-7.410648399082855E-01,-3.083174772272282E-04,3.139955241873282E-03,-5.732797118748516E-05
2461766.500000000,2.972703961364406E+01,2.802041855258461E+00,-7.427907482803741E-01,-3.178277295228790E-04,3.139218825579001E-03,-5.700427422544261E-05
2461796.500000000,2.971736568024897E+01,2.896195168216331E+00,-7.445092774176406E-01,-3.272418868549073E-04,3.138313331362740E-03,-5.685192377783630E-05
2461826.500000000,2.970740173778616E+01,2.990315757305325E+00,-7.462205806524609E-01,-3.366302155833391E-04,3.137199040688482E-03,-5.683371085128553E-05
2461856.500000000,2.969714920354112E+01,3.084403179333449E+00,-7.479247451812365E-01,-3.461152767900203E-04,3.135920066207348E-03,-5.685461000867758E-05
2461886.500000000,2.968660871090761E+01,3.178457596280196E+00,-7.496217591585024E-01,-3.557716316816770E-04,3.134551389505291E-03,-5.680546806991034E-05
2461916.500000000,2.967578051205295E+01,3.272479357164598E+00,-7.513115768496109E-01,-3.655851696205994E-04,3.133226046081778E-03,-5.660255742196257E-05
2461946.500000000,2.966466391730356E+01,3.366469235943331E+00,-7.529940222062442E-01,-3.755083493148082E-04,3.132041175454759E-03,-5.622522376545254E-05
2461976.500000000,2.965325741423097E+01,3.460426855377786E+00,-7.546689076280012E-01,-3.854194991023390E-04,3.130993958380222E-03,-5.573244995611737E-05
2462006.500000000,2.964156031536855E+01,3.554350694085403E+00,-7.563361870137598E-01,-3.951848017726941E-04,3.130050702649249E-03,-5.522761545759017E-05
2462036.500000000,2.962957258654005E+01,3.648239331936689E+00,-7.579958606071451E-01,-4.047669140761204E-04,3.129124918704331E-03,-5.481505396663117E-05
2462066.500000000,2.961729468232009E+01,3.742091036383652E+00,-7.596480217664778E-01,-4.141769495094424E-04,3.128096398610530E-03,-5.456711416642299E-05
2462096.500000000,2.960472805043437E+01,3.835904548099998E+00,-7.612928573707655E-01,-4.234936873161461E-04,3.126910814469470E-03,-5.448527302510750E-05
2462126.500000000,2.959187363173082E+01,3.929679956030578E+00,-7.629304299813107E-01,-4.328827814658618E-04,3.125550283990346E-03,-5.449598737757525E-05
2462156.500000000,2.957873131836200E+01,4.023417244110953E+00,-7.645607069698364E-01,-4.424484282867548E-04,3.124039605361719E-03,-5.449058463986902E-05
2462186.500000000,2.956530093511106E+01,4.117116101752875E+00,-7.661836208631928E-01,-4.522000788541981E-04,3.122485138388259E-03,-5.436815377123511E-05
2462216.500000000,2.955158179661794E+01,4.210776269931696E+00,-7.677989855851090E-01,-4.620991795419772E-04,3.120975666337964E-03,-5.407519655597980E-05
2462246.500000000,2.953757330307162E+01,4.304396599320751E+00,-7.694066560466664E-01,-4.720148390144880E-04,3.119570736368759E-03,-5.362964730749931E-05
2462276.500000000,2.952327607128066E+01,4.397975915317359E+00,-7.710066189546025E-01,-4.817972155067893E-04,3.118328664200335E-03,-5.311177997248753E-05
2462306.500000000,2.950869075522451E+01,4.491513950381151E+00,-7.725988698307330E-01,-4.913860356448861E-04,3.117204408332393E-03,-5.263424553207389E-05
2462336.500000000,2.949381769025047E+01,4.585010500503543E+00,-7.741834797177237E-01,-5.007920542112913E-04,3.116085808678695E-03,-5.229265983608054E-05
2462366.500000000,2.947865713220557E+01,4.678465666202846E+00,-7.757605671520482E-01,-5.101115505322337E-04,3.114888261688212E-03,-5.211983650483921E-05
2462396.500000000,2.946320810773361E+01,4.771879541708063E+00,-7.773301344855510E-01,-5.194947647518531E-04,3.113508261599953E-03,-5.208148046861173E-05
2462426.500000000,2.944746922047004E+01,4.865250860850659E+00,-7.788921640763239E-01,-5.290332612053316E-04,3.111892293911257E-03,-5.209135502848618E-05
2462456.500000000,2.943144004064544E+01,4.958577799508782E+00,-7.804466366958258E-01,-5.387608193993366E-04,3.110117740198533E-03,-5.203638166869797E-05
2462486.500000000,2.941512048626102E+01,5.051858660191543E+00,-7.819934406017971E-01,-5.486440963565954E-04,3.108293537467493E-03,-5.183103647475853E-05
