# NASA/JPL Horizons target 999 (pluto), center 500@10, ECLIPTIC/ICRF, AU and AU/day
# State vectors 1977-08-21..2030-01-02 every 30d; retrieved 2026-09-24 by scripts/fetch_horizons.ps1
julian_date,x_au,y_au,z_au,vx_au_d,vy_au_d,vz_au_d
2443376.500000000,-2.824350708290263E+01,-7.084082222229663E+00,8.927283771382664E+00,1.187261806712283E-03,-3.249774378759620E-03,-1.004991294062002E-05
2443406.500000000,-2.820787394992303E+01,-7.181425035616383E+00,8.927340130962577E+00,1.200836843558212E-03,-3.232590213409673E-03,3.404816836663501E-06
2443436.500000000,-2.817195814816074E+01,-7.278713837865552E+00,8.927278490418251E+00,1.192946487695837E-03,-3.244389096388195E-03,7.871446109545842E-06
2443466.500000000,-2.813576028566760E+01,-7.375916260942422E+00,8.927152004242092E+00,1.208097848840255E-03,-3.248770203975685E-03,-1.598344531984323E-05
2443496.500000000,-2.809932200415985E+01,-7.473075582502185E+00,8.926961721431578E+00,1.229693309010447E-03,-3.228920464201501E-03,-1.229995406456882E-05
2443526.500000000,-2.806261346087097E+01,-7.570191974327805E+00,8.926653556381488E+00,1.224073632447842E-03,-3.232220784316725E-03,1.655759000400174E-06
2443556.500000000,-2.802561196592470E+01,-7.667218052450886E+00,8.926261750487228E+00,1.229840076811517E-03,-3.244469838472014E-03,-1.866629619873646E-05
2443586.500000000,-2.798836229190017E+01,-7.764181800285225E+00,8.925817816630689E+00,1.255363649633539E-03,-3.227625204041681E-03,-2.679973572542117E-05
2443616.500000000,-2.795085723889279E+01,-7.861110142748289E+00,8.925266662518348E+00,1.256592657314302E-03,-3.220825707702652E-03,-8.655204665738239E-06
2443646.500000000,-2.791305541049402E+01,-7.957955309588847E+00,8.924612609037984E+00,1.254034724964523E-03,-3.236465622908366E-03,-1.992533872224159E-05
2443676.500000000,-2.787498903606253E+01,-8.054718951368894E+00,8.923907581113616E+00,1.278336164219221E-03,-3.227239461692911E-03,-3.820992004696370E-05
2443706.500000000,-2.783667623251412E+01,-8.151443580062949E+00,8.923112881559026E+00,1.288879508996926E-03,-3.211707259371673E-03,-2.249960801110920E-05
2443736.500000000,-2.779807218902932E+01,-8.248094497064432E+00,8.922201700540064E+00,1.281567249018626E-03,-3.225001172372289E-03,-2.204904033728500E-05
2443766.500000000,-2.775918904750244E+01,-8.344647288733803E+00,8.921230138993431E+00,1.299670616531095E-03,-3.225576004226056E-03,-4.560436172874751E-05
2443796.500000000,-2.772006533752547E+01,-8.441149331636337E+00,8.920188123376912E+00,1.318911777281751E-03,-3.205579018639155E-03,-3.817306981778024E-05
2443826.500000000,-2.768066520701123E+01,-8.537592363865183E+00,8.919026047656496E+00,1.311962415410841E-03,-3.211749714749118E-03,-2.704055789383443E-05
2443856.500000000,-2.764097349900022E+01,-8.633934094023047E+00,8.917786267482049E+00,1.321079171259418E-03,-3.221340645077557E-03,-4.933531116893302E-05
2443886.500000000,-2.760103375609539E+01,-8.730209604865221E+00,8.916490337597223E+00,1.345954449302984E-03,-3.202465653726305E-03,-5.343262232090876E-05
2443916.500000000,-2.756082943179300E+01,-8.826435527314400E+00,8.915081485475993E+00,1.344550240232629E-03,-3.198699646885011E-03,-3.603981826267206E-05
2443946.500000000,-2.752032490428251E+01,-8.922561400270556E+00,8.913575068972037E+00,1.344682397705360E-03,-3.213325781647386E-03,-5.093416897191767E-05
2443976.500000000,-2.747955862359893E+01,-9.018597737262917E+00,8.912017615533298E+00,1.370100449618634E-03,-3.200580360853092E-03,-6.616236624024704E-05
2444006.500000000,-2.743854174522225E+01,-9.114582378078238E+00,8.910363195224404E+00,1.377364052835653E-03,-3.187214476169250E-03,-4.889384008527559E-05
2444036.500000000,-2.739723023327685E+01,-9.210475904069671E+00,8.908595280419579E+00,1.371176291407776E-03,-3.201516667324437E-03,-5.258253754187498E-05
2444066.500000000,-2.735564317605169E+01,-9.306263534046765E+00,8.906770495819639E+00,1.391928356704796E-03,-3.198229398989373E-03,-7.504414734062666E-05
2444096.500000000,-2.731381257761563E+01,-9.401992390779181E+00,8.904868054692505E+00,1.408482552039561E-03,-3.178744169171674E-03,-6.425830509845108E-05
2444126.500000000,-2.727169749689333E+01,-9.497644210275856E+00,8.902844657748405E+00,1.400894979735896E-03,-3.187364616690031E-03,-5.648911694868591E-05
2444156.500000000,-2.722929139826731E+01,-9.593180296887333E+00,8.900749180813921E+00,1.413360011434254E-03,-3.193629120915311E-03,-8.000537814248349E-05
2444186.500000000,-2.718663909681078E+01,-9.688639849723209E+00,8.898592715860630E+00,1.436817881616164E-03,-3.173186521740958E-03,-8.000569799426891E-05
2444216.500000000,-2.714371831822126E+01,-9.784031656862243E+00,8.896319009718843E+00,1.432995060610552E-03,-3.172462337281128E-03,-6.413283417039643E-05
2444246.500000000,-2.710049999398091E+01,-9.879307267621760E+00,8.893953771965103E+00,1.436008374987864E-03,-3.185432599551217E-03,-8.218038226735957E-05
2444276.500000000,-2.705702644685732E+01,-9.974487387743837E+00,8.891536356448430E+00,1.461809494153199E-03,-3.169651661262245E-03,-9.387285413554087E-05
2444306.500000000,-2.701329853257994E+01,-1.006960524006431E+01,8.889015101800521E+00,1.465889977996249E-03,-3.158951273019588E-03,-7.582277289941630E-05
2444336.500000000,-2.696927155346550E+01,-1.016461570644726E+01,8.886384274908194E+00,1.461478831102972E-03,-3.173561594045039E-03,-8.361976238347875E-05
2444366.500000000,-2.692497195012828E+01,-1.025951093565749E+01,8.883699058695312E+00,1.484417654144938E-03,-3.166336858661933E-03,-1.042315585594890E-04
2444396.500000000,-2.688042582892401E+01,-1.035433551620732E+01,8.880928796293700E+00,1.497941006310678E-03,-3.147903442859826E-03,-9.060965815077663E-05
2444426.500000000,-2.683559029652437E+01,-1.044906162556737E+01,8.878038283416780E+00,1.490221577588318E-03,-3.158437793103929E-03,-8.659893466059057E-05
2444456.500000000,-2.679047001777985E+01,-1.054365751056309E+01,8.875081222411112E+00,1.505734757530445E-03,-3.161054245013493E-03,-1.105315421872867E-04
2444486.500000000,-2.674510796025992E+01,-1.063816839626985E+01,8.872057592497276E+00,1.527165888351034E-03,-3.139810651281590E-03,-1.065421732660160E-04
2444516.500000000,-2.669947371147822E+01,-1.073259455485301E+01,8.868913646175622E+00,1.521431662763545E-03,-3.142071214426373E-03,-9.290627540627037E-05
2444546.500000000,-2.665354508543463E+01,-1.082688965841534E+01,8.865684464510194E+00,1.527584098125982E-03,-3.152766007106626E-03,-1.135250742153797E-04
2444576.500000000,-2.660736595433674E+01,-1.092108225134632E+01,8.862400573982208E+00,1.553168004531357E-03,-3.134348300839135E-03,-1.213470589298193E-04
2444606.500000000,-2.656092806633544E+01,-1.101519656989738E+01,8.859006696209159E+00,1.554184253331902E-03,-3.126429466732993E-03,-1.033100140957809E-04
2444636.500000000,-2.651419207584867E+01,-1.110918350144693E+01,8.855508399841248E+00,1.551873045118181E-03,-3.140580017610977E-03,-1.150145772920835E-04
2444666.500000000,-2.646719230241158E+01,-1.120304576979180E+01,8.851957270464551E+00,1.576281297166021E-03,-3.129590981199414E-03,-1.330877371655501E-04
2444696.500000000,-2.641994721033094E+01,-1.129682586437738E+01,8.848313961001919E+00,1.586438538852504E-03,-3.112868330790745E-03,-1.172509524285217E-04
2444726.500000000,-2.637241242462894E+01,-1.139048978240776E+01,8.844552666875746E+00,1.579154890532862E-03,-3.124947684596279E-03,-1.172598685277670E-04
2444756.500000000,-2.632459966927967E+01,-1.148401466919612E+01,8.840729547561288E+00,1.597536108754874E-03,-3.123797023284951E-03,-1.408053835685844E-04
2444786.500000000,-2.627654588366621E+01,-1.157744654137628E+01,8.836833455359734E+00,1.616535999641149E-03,-3.102408612274473E-03,-1.330880789004210E-04
2444816.500000000,-2.622821502734492E+01,-1.167077440405614E+01,8.832815353952153E+00,1.609473707164237E-03,-3.107363752480701E-03,-1.223208955447232E-04
2444846.500000000,-2.617959401199396E+01,-1.176395461695975E+01,8.828718360757367E+00,1.618840985686296E-03,-3.115122773353509E-03,-1.448247153063179E-04
2444876.500000000,-2.613072924243363E+01,-1.185702153261458E+01,8.824563231029984E+00,1.643412882729526E-03,-3.094540026396642E-03,-1.485714497526234E-04
2444906.500000000,-2.608160645553281E+01,-1.194999226413644E+01,8.820293288555542E+00,1.641491774530308E-03,-3.089614430369203E-03,-1.313397540050970E-04
2444936.500000000,-2.603219155204774E+01,-1.204281881096017E+01,8.815924945001615E+00,1.641634148350184E-03,-3.102717601302069E-03,-1.466102407461716E-04
2444966.500000000,-2.598252312284208E+01,-1.213551424933183E+01,8.811504139709207E+00,1.666879033832747E-03,-3.088317512813976E-03,-1.615586058499264E-04
2444996.500000000,-2.593261010401475E+01,-1.222811711152425E+01,8.806984262288411E+00,1.673645187772687E-03,-3.073867952589030E-03,-1.442278269611140E-04
2445026.500000000,-2.588240649941726E+01,-1.232058673040165E+01,8.802349751749629E+00,1.667473532507410E-03,-3.086838710087591E-03,-1.483691007996746E-04
2445056.500000000,-2.583193206005814E+01,-1.241290667517617E+01,8.797657303644714E+00,1.688291764073915E-03,-3.081708787050463E-03,-1.707255071689392E-04
2445086.500000000,-2.578121975683309E+01,-1.250512251007916E+01,8.792885262961363E+00,1.704333102893454E-03,-3.060815893537162E-03,-1.596772854044325E-04
2445116.500000000,-2.573023004991126E+01,-1.259721458639830E+01,8.787991156719801E+00,1.696420519053731E-03,-3.068149301178926E-03,-1.522930787544977E-04
2445146.500000000,-2.567895950826091E+01,-1.268914512491090E+01,8.783024576489147E+00,1.708845447093904E-03,-3.072619322973114E-03,-1.759163607022840E-04
2445176.500000000,-2.562745379304106E+01,-1.278095556616839E+01,8.777995559056921E+00,1.731780966669007E-03,-3.050670044471241E-03,-1.755534525008406E-04
2445206.500000000,-2.557568912123176E+01,-1.287265476942972E+01,8.772847923133513E+00,1.727429568322418E-03,-3.048837105362815E-03,-1.599018968330353E-04
2445236.500000000,-2.552363685283543E+01,-1.296419386428416E+01,8.767608365791434E+00,1.730415444442949E-03,-3.060189091009601E-03,-1.782605100349109E-04
2445266.500000000,-2.547133987663396E+01,-1.305559372132255E+01,8.762315455197363E+00,1.755879295493193E-03,-3.042681965462406E-03,-1.896209671530943E-04
2445296.500000000,-2.541879900619193E+01,-1.314688580695624E+01,8.756917153659677E+00,1.759254980853186E-03,-3.030756162349744E-03,-1.715637623999895E-04
2445326.500000000,-2.536597232857484E+01,-1.323802428536307E+01,8.751409037872188E+00,1.754549683902630E-03,-3.043898261246148E-03,-1.797734403452414E-04
2445356.500000000,-2.531288888631451E+01,-1.332900401301891E+01,8.745846149730637E+00,1.777147409762891E-03,-3.034918253938579E-03,-2.001855351551201E-04
2445386.500000000,-2.525957408455697E+01,-1.341987132056945E+01,8.740196959905200E+00,1.789852879862450E-03,-3.015288960820089E-03,-1.863354292647652E-04
2445416.500000000,-2.520598430060116E+01,-1.351059897281207E+01,8.734427173238451E+00,1.781686499067127E-03,-3.024700243500189E-03,-1.827251405242570E-04
2445446.500000000,-2.515212342404690E+01,-1.360115658436497E+01,8.728590758546476E+00,1.797090532530068E-03,-3.025652346671930E-03,-2.066766091665003E-04
2445476.500000000,-2.509803238959242E+01,-1.369158809118880E+01,8.722686566149319E+00,1.817918732733698E-03,-3.002975327344014E-03,-2.023283429306006E-04
2445506.500000000,-2.504368093969174E+01,-1.378189043888097E+01,8.716661341756121E+00,1.811592747944378E-03,-3.004064427013296E-03,-1.889601400985061E-04
2445536.500000000,-2.498904969066616E+01,-1.387201633798481E+01,8.710551126949060E+00,1.817548071890178E-03,-3.013032536770389E-03,-2.098051278245878E-04
2445566.500000000,-2.493418509081344E+01,-1.396199467024440E+01,8.704385676679808E+00,1.842462645582341E-03,-2.992918217995354E-03,-2.172403761377908E-04
2445596.500000000,-2.487908088994769E+01,-1.405185035701915E+01,8.698109634367237E+00,1.842516722362894E-03,-2.983904060351795E-03,-1.992492737127789E-04
2445626.500000000,-2.482369900664979E+01,-1.414153687189592E+01,8.691729633119213E+00,1.839777654868601E-03,-2.996683245642168E-03,-2.113234762391321E-04
2445656.500000000,-2.476807331877501E+01,-1.423105943046478E+01,8.685296750475469E+00,1.863672047472130E-03,-2.984068648836291E-03,-2.291198160966101E-04
2445686.500000000,-2.471222064808618E+01,-1.432046070296340E+01,8.678770874900851E+00,1.872906248246021E-03,-2.966274910102183E-03,-2.131091422825503E-04
2445716.500000000,-2.465609559154109E+01,-1.440970570151118E+01,8.672127154118332E+00,1.865134677014792E-03,-2.977170656119268E-03,-2.135228151745169E-04
2445746.500000000,-2.459971077695920E+01,-1.449877074372136E+01,8.665422002659840E+00,1.883156825255381E-03,-2.974287116717429E-03,-2.369838664617689E-04
2445776.500000000,-2.454310466200505E+01,-1.458770143989679E+01,8.658643419177606E+00,1.901207880395170E-03,-2.951585485198555E-03,-2.289139397979929E-04
2445806.500000000,-2.448624219881458E+01,-1.467648697550618E+01,8.651743024694042E+00,1.893336610885790E-03,-2.955502051807503E-03,-2.184459876832830E-04
2445836.500000000,-2.442911165491714E+01,-1.476508521144305E+01,8.644764718686536E+00,1.902288480267853E-03,-2.961703671138557E-03,-2.410802240274234E-04
2445866.500000000,-2.437175948947826E+01,-1.485353252301800E+01,8.637728262805766E+00,1.926030948432979E-03,-2.939742180600386E-03,-2.444143480242917E-04
2445896.500000000,-2.431416941347431E+01,-1.494184581044710E+01,8.630576846954755E+00,1.923204964004106E-03,-2.933891579570543E-03,-2.272956883730013E-04
2445926.500000000,-2.425630716435614E+01,-1.502997553705393E+01,8.623327929816726E+00,1.922943470726802E-03,-2.945567912280544E-03,-2.428787925047782E-04
2445956.500000000,-2.419821306603147E+01,-1.511793433963330E+01,8.616026904360867E+00,1.947512812266830E-03,-2.929534469745302E-03,-2.574811818464450E-04
2445986.500000000,-2.413989718319270E+01,-1.520575987758768E+01,8.608626641800221E+00,1.953154922366203E-03,-2.914007963212392E-03,-2.400268903331018E-04
2446016.500000000,-2.408131616714969E+01,-1.529341141654380E+01,8.601112825545318E+00,1.946223734700256E-03,-2.925766795127559E-03,-2.445444897999602E-04
2446046.500000000,-2.402249260673766E+01,-1.538087612790739E+01,8.593542205933961E+00,1.966330899704752E-03,-2.919103397895608E-03,-2.667170837306477E-04
2446076.500000000,-2.396345839048365E+01,-1.546820271250511E+01,8.585892094889200E+00,1.981203445831630E-03,-2.897227990900785E-03,-2.553462290295120E-04
2446106.500000000,-2.390417192409751E+01,-1.555537201161855E+01,8.578120750144524E+00,1.972429906221356E-03,-2.903732148794600E-03,-2.482897514366227E-04
2446136.500000000,-2.384462893001394E+01,-1.564234724700873E+01,8.570278256812214E+00,1.984398341039839E-03,-2.906808902728800E-03,-2.719567077661409E-04
2446166.500000000,-2.378487334730283E+01,-1.572916918975269E+01,8.562373545384439E+00,2.006425343614151E-03,-2.883633149195448E-03,-2.711726965662159E-04
2446196.500000000,-2.372488129029887E+01,-1.581584348108570E+01,8.554350774916923E+00,2.001069568477171E-03,-2.880918615971274E-03,-2.556822313533194E-04
2446226.500000000,-2.366462708740674E+01,-1.590232088257560E+01,8.546237765748760E+00,2.003477298173136E-03,-2.890905009122511E-03,-2.742754686010258E-04
2446256.500000000,-2.360415568686819E+01,-1.598862405955050E+01,8.538072367607144E+00,2.028018227506426E-03,-2.871996526533269E-03,-2.852271596270290E-04
2446286.500000000,-2.354346846079563E+01,-1.607478518977683E+01,8.529802234597941E+00,2.030125480161641E-03,-2.859284918641760E-03,-2.671004450271512E-04
2446316.500000000,-2.348252401038657E+01,-1.616076041408292E+01,8.521424004594188E+00,2.024676023056334E-03,-2.871428317973904E-03,-2.756604014497099E-04
2446346.500000000,-2.342135066752886E+01,-1.624654682866265E+01,8.512992327870428E+00,2.046558525483154E-03,-2.861094149982777E-03,-2.958095424382117E-04
2446376.500000000,-2.335997247854652E+01,-1.633219006394414E+01,8.504474822293451E+00,2.058059424562208E-03,-2.840618357776953E-03,-2.816805980843570E-04
2446406.500000000,-2.329834593776890E+01,-1.641766189815512E+01,8.495838124163242E+00,2.049011869708909E-03,-2.849197531788219E-03,-2.784130930123644E-04
2446436.500000000,-2.323647645394706E+01,-1.650293260726987E+01,8.487136620333787E+00,2.063761818226217E-03,-2.848778415845008E-03,-3.023061829013702E-04
2446466.500000000,-2.317440633522897E+01,-1.658804697838742E+01,8.478368296077225E+00,2.083363278084501E-03,-2.825120760174552E-03,-2.975291829089859E-04
2446496.500000000,-2.311210555723099E+01,-1.667300345527611E+01,8.469480369850739E+00,2.075890022757931E-03,-2.825634965736794E-03,-2.843661137954493E-04
2446526.500000000,-2.304955432792123E+01,-1.675775721059808E+01,8.460509686214168E+00,2.081218026323671E-03,-2.833528926182557E-03,-3.053654129357671E-04
2446556.500000000,-2.298679783572782E+01,-1.684233862740311E+01,8.451485085611049E+00,2.105174827783922E-03,-2.812400330069876E-03,-3.123551489728642E-04
2446586.500000000,-2.292382731983279E+01,-1.692677190560746E+01,8.442350919517990E+00,2.104110163686651E-03,-2.802863506647246E-03,-2.943655376174216E-04
2446616.500000000,-2.286060394064533E+01,-1.701100873513675E+01,8.433114875066282E+00,2.100775015513375E-03,-2.814664566027642E-03,-3.067478576493582E-04
2446646.500000000,-2.279716357571187E+01,-1.709505340372385E+01,8.423827718413607E+00,2.123872015448184E-03,-2.800778834474009E-03,-3.241994423477694E-04
2446676.500000000,-2.273352460043478E+01,-1.717894837163080E+01,8.414448708526702E+00,2.131797562277657E-03,-2.782299703187527E-03,-3.079551838716517E-04
2446706.500000000,-2.266964328741538E+01,-1.726265945545333E+01,8.404954072738239E+00,2.123075914388906E-03,-2.792473959980099E-03,-3.087027514994996E-04
2446736.500000000,-2.260553441735489E+01,-1.734616641494893E+01,8.395400456516972E+00,2.140303971870079E-03,-2.788494501329333E-03,-3.320074310596143E-04
2446766.500000000,-2.254123505933523E+01,-1.742951824562950E+01,8.385774738418439E+00,2.157107476986181E-03,-2.765202252889501E-03,-3.235340528144219E-04
2446796.500000000,-2.247670702595095E+01,-1.751270464014209E+01,8.376029028126442E+00,2.148241488352114E-03,-2.768748537087961E-03,-3.133166201508447E-04
2446826.500000000,-2.241193769009266E+01,-1.759568372746473E+01,8.366207940094831E+00,2.156655621234922E-03,-2.774011180795468E-03,-3.360234309825977E-04
2446856.500000000,-2.234697237831529E+01,-1.767849176350357E+01,8.356330235363581E+00,2.179443022490902E-03,-2.751224934965977E-03,-3.388908945855299E-04
2446886.500000000,-2.228179395464320E+01,-1.776114348614508E+01,8.346339209444322E+00,2.175505127498906E-03,-2.744968170771423E-03,-3.218277206289116E-04
2446916.500000000,-2.221637034951334E+01,-1.784358938835722E+01,8.336253551312137E+00,2.174605649245493E-03,-2.755832657973627E-03,-3.376536720537132E-04
2446946.500000000,-2.215074294907676E+01,-1.792584476577698E+01,8.326118040890234E+00,2.198326333233330E-03,-2.738887560202058E-03,-3.518445008068968E-04
2446976.500000000,-2.208492011748941E+01,-1.800794808306583E+01,8.315884951609881E+00,2.202770771360034E-03,-2.723034482945736E-03,-3.342149138792344E-04
2447006.500000000,-2.201885765316069E+01,-1.808985913177896E+01,8.305541007030262E+00,2.195158912658285E-03,-2.734299238530378E-03,-3.390592809166242E-04
2447036.500000000,-2.195257718414770E+01,-1.817156623052706E+01,8.295142760161605E+00,2.214716156043343E-03,-2.726697297472444E-03,-3.609968639196887E-04
2447066.500000000,-2.188610894878964E+01,-1.825311650069735E+01,8.284666547881464E+00,2.228513108500362E-03,-2.704299770469964E-03,-3.492577091609327E-04
2447096.500000000,-2.181941215918988E+01,-1.833448906258874E+01,8.274071511650837E+00,2.218882851799978E-03,-2.710395927310653E-03,-3.424784179200574E-04
2447126.500000000,-2.175248469174376E+01,-1.841564848915640E+01,8.263408338964672E+00,2.230304218353928E-03,-2.712554302914603E-03,-3.661227264213668E-04
2447156.500000000,-2.168537102239197E+01,-1.849663733461793E+01,8.252685023276753E+00,2.251267293494436E-03,-2.688769859298884E-03,-3.648555348790510E-04
2447186.500000000,-2.161804651887644E+01,-1.857746298985130E+01,8.241845998231593E+00,2.244870318407839E-03,-2.685933643559535E-03,-3.494776421220624E-04
2447216.500000000,-2.155048385619754E+01,-1.865807873540810E+01,8.230919936626831E+00,2.246848998548447E-03,-2.695339877292271E-03,-3.682531397835235E-04
2447246.500000000,-2.148272516305745E+01,-1.873850792484146E+01,8.219943827047697E+00,2.270728502533769E-03,-2.675759325391680E-03,-3.787484700245769E-04
2447276.500000000,-2.141476896446428E+01,-1.881878088722872E+01,8.208864910715389E+00,2.271932460703535E-03,-2.662865663946508E-03,-3.605181892695088E-04
2447306.500000000,-2.134657301954106E+01,-1.889885152984426E+01,8.197680907727030E+00,2.266103990425257E-03,-2.674455530706085E-03,-3.693802298729097E-04
2447336.500000000,-2.127816709522771E+01,-1.897871557417668E+01,8.186446328825216E+00,2.287504275571821E-03,-2.663171882002750E-03,-3.892048400541811E-04
2447366.500000000,-2.120957656047315E+01,-1.905841836836223E+01,8.175128066103422E+00,2.297984979164243E-03,-2.642304129757219E-03,-3.747472491686062E-04
2447396.500000000,-2.114075853426034E+01,-1.913793250437190E+01,8.163693665471184E+00,2.288270716273024E-03,-2.650549952683976E-03,-3.717709674881898E-04
2447426.500000000,-2.107171907937032E+01,-1.921723035278660E+01,8.152197859196924E+00,2.302617469282331E-03,-2.649323846070451E-03,-3.955488913273990E-04
2447456.500000000,-2.100249896792231E+01,-1.929635863592319E+01,8.140637492634495E+00,2.321364818549817E-03,-2.625241660571129E-03,-3.903064745449889E-04
2447486.500000000,-2.093306512440818E+01,-1.937531529835572E+01,8.128960069762391E+00,2.313207950026094E-03,-2.625609035554292E-03,-3.773175177831196E-04
2447516.500000000,-2.086339710781320E+01,-1.945405430703381E+01,8.117203314132361E+00,2.318323378444670E-03,-2.632768989543542E-03,-3.984237492174149E-04
2447546.500000000,-2.079354019574875E+01,-1.953260575471385E+01,8.105395224257460E+00,2.341674033896807E-03,-2.610933877884342E-03,-4.049214034277771E-04
2447576.500000000,-2.072348490358233E+01,-1.961099267811166E+01,8.093480035202223E+00,2.339792446602883E-03,-2.601183728157492E-03,-3.868887942815282E-04
2447606.500000000,-2.065319346696347E+01,-1.968916661940019E+01,8.081466682680478E+00,2.336139561636453E-03,-2.612424356482238E-03,-3.995227051615581E-04
2447636.500000000,-2.058270205676540E+01,-1.976713426668314E+01,8.069405466539285E+00,2.358824700402002E-03,-2.597772406089651E-03,-4.165783692701680E-04
2447666.500000000,-2.051202607234385E+01,-1.984493850405908E+01,8.057254803913811E+00,2.365992571796771E-03,-2.579063892955114E-03,-4.000670158604518E-04
2447696.500000000,-2.044111981119236E+01,-1.992254344266075E+01,8.044991902152182E+00,2.356981512754347E-03,-2.588865330544012E-03,-4.011142413376984E-04
2447726.500000000,-2.036999755714510E+01,-1.999992808519460E+01,8.032673464300347E+00,2.374111710363910E-03,-2.583964121025537E-03,-4.242219193741779E-04
2447756.500000000,-2.029869538417621E+01,-2.007713908948151E+01,8.020285320547485E+00,2.390278568991746E-03,-2.560070968007435E-03,-4.153081527346855E-04
2447786.500000000,-2.022717649919849E+01,-2.015416313148251E+01,8.007780368176521E+00,2.380872811582659E-03,-2.563201393765355E-03,-4.052992355147236E-04
2447816.500000000,-2.015543135673025E+01,-2.023095927050867E+01,7.995204014543763E+00,2.389095228226398E-03,-2.567539480169486E-03,-4.280228026715680E-04
2447846.500000000,-2.008350586217588E+01,-2.030756593014479E+01,7.982574029876980E+00,2.411242391966321E-03,-2.544029568867324E-03,-4.303736287403022E-04
2447876.500000000,-2.001138184609347E+01,-2.038399863455295E+01,7.969833779765142E+00,2.406588354695350E-03,-2.537569870972428E-03,-4.133313535724248E-04
2447906.500000000,-1.993902581161665E+01,-2.046020937601970E+01,7.957002893626423E+00,2.405586829058743E-03,-2.547803127218295E-03,-4.293621639903589E-04
2447936.500000000,-1.986647647855231E+01,-2.053621358398516E+01,7.944125378045258E+00,2.429057525963680E-03,-2.529994055801066E-03,-4.431027753468142E-04
2447966.500000000,-1.979374011555333E+01,-2.061204667177623E+01,7.931153006498029E+00,2.432898078685961E-03,-2.513755334713855E-03,-4.252696644819981E-04
2447996.500000000,-1.972077276550165E+01,-2.068766578724424E+01,7.918073636889383E+00,2.425137155378505E-03,-2.524365671298040E-03,-4.303991162414819E-04
2448026.500000000,-1.964759767550249E+01,-2.076305831520339E+01,7.904943826385795E+00,2.444549980649978E-03,-2.515633106623968E-03,-4.520434745504296E-04
2448056.500000000,-1.957424643520760E+01,-2.083827084420276E+01,7.891739113472096E+00,2.457638640257604E-03,-2.492612367446312E-03,-4.398917341441231E-04
2448086.500000000,-1.950067860769138E+01,-2.091328283866444E+01,7.878419408356633E+00,2.447587422169579E-03,-2.498232787320890E-03,-4.333499080345510E-04
2448116.500000000,-1.942689194113836E+01,-2.098805993158235E+01,7.865035825661414E+00,2.458947840015203E-03,-2.499349625072817E-03,-4.569230467058523E-04
2448146.500000000,-1.935292999523667E+01,-2.106264465223699E+01,7.851595275000694E+00,2.479385551468558E-03,-2.474762885415848E-03,-4.551407124961206E-04
2448176.500000000,-1.927876660983343E+01,-2.113704252261594E+01,7.838042350848368E+00,2.472480667684467E-03,-2.471459738485198E-03,-4.398495982966112E-04
2448206.500000000,-1.920437510082965E+01,-2.121120489654890E+01,7.824406710592316E+00,2.474407691405356E-03,-2.479814534913968E-03,-4.587586801669336E-04
2448236.500000000,-1.912979980566814E+01,-2.128515475389810E+01,7.810724701862584E+00,2.497849766933050E-03,-2.459130830406261E-03,-4.687477861377809E-04
2448266.500000000,-1.905503992919204E+01,-2.135892242234799E+01,7.796943284741727E+00,2.498302257716173E-03,-2.445714101543382E-03,-4.503720087859774E-04
2448296.500000000,-1.898005382613933E+01,-2.143246240103014E+01,7.783061351797694E+00,2.492221051739900E-03,-2.456505997271620E-03,-4.594813678536244E-04
2448326.500000000,-1.890487159097113E+01,-2.150577261930100E+01,7.769133139201159E+00,2.513366888767000E-03,-2.444126442656093E-03,-4.789318315333744E-04
2448356.500000000,-1.882951582770811E+01,-2.157889874044727E+01,7.755124564386117E+00,2.523204210013042E-03,-2.422674754651742E-03,-4.641161381211461E-04
2448386.500000000,-1.875394133067043E+01,-2.165181068220358E+01,7.741004029391447E+00,2.513235521828759E-03,-2.430238378374407E-03,-4.613950269576107E-04
2448416.500000000,-1.867815490714623E+01,-2.172447892592268E+01,7.726826616786026E+00,2.527555429249459E-03,-2.427721430846412E-03,-4.850110201596579E-04
2448446.500000000,-1.860219797315754E+01,-2.179694814351231E+01,7.712588151875647E+00,2.545711932694803E-03,-2.402625485097065E-03,-4.792606213991784E-04
2448476.500000000,-1.852603914112866E+01,-2.186921345849552E+01,7.698236738707432E+00,2.536949304588798E-03,-2.402242431315059E-03,-4.663957492965462E-04
2448506.500000000,-1.844966176257880E+01,-2.194122969159668E+01,7.683811068253188E+00,2.541839050919139E-03,-2.408162501572245E-03,-4.875480258798073E-04
2448536.500000000,-1.837311233245995E+01,-2.201302959609040E+01,7.669338182473926E+00,2.564574192535396E-03,-2.385207259411186E-03,-4.935030349286947E-04
2448566.500000000,-1.829638015144439E+01,-2.208463650305470E+01,7.654762133022138E+00,2.561890368768358E-03,-2.374868476561300E-03,-4.753889223908734E-04
2448596.500000000,-1.821942706465919E+01,-2.215600253746552E+01,7.640092896043530E+00,2.558003255749106E-03,-2.385140424567749E-03,-4.882315699638855E-04
2448626.500000000,-1.814228824937754E+01,-2.222713476591095E+01,7.625380183231282E+00,2.580359186309789E-03,-2.369218096487096E-03,-5.048460496144803E-04
2448656.500000000,-1.806497806214418E+01,-2.229807335093718E+01,7.610581791364177E+00,2.586731644030323E-03,-2.349721094583184E-03,-4.880258379308163E-04
2448686.500000000,-1.798745234262883E+01,-2.236878053828302E+01,7.595676088744418E+00,2.577293559541327E-03,-2.358603641840288E-03,-4.893195468613288E-04
2448716.500000000,-1.790972756299640E+01,-2.243923614321526E+01,7.580719954020724E+00,2.594113931176037E-03,-2.352308072151389E-03,-5.121645098931055E-04
2448746.500000000,-1.783184046123026E+01,-2.250948711070888E+01,7.565698308733139E+00,2.609406654091275E-03,-2.327475671313763E-03,-5.027560472214545E-04
2448776.500000000,-1.775375415030908E+01,-2.257952048994101E+01,7.550564674979682E+00,2.599337160907757E-03,-2.329905355806182E-03,-4.929102082865267E-04
2448806.500000000,-1.767545864900164E+01,-2.264929629123547E+01,7.535365000123122E+00,2.607347518800313E-03,-2.332960023762167E-03,-5.155984415873066E-04
2448836.500000000,-1.759699905627620E+01,-2.271885186295096E+01,7.520116029064280E+00,2.628822681081321E-03,-2.308274163133482E-03,-5.173886994888880E-04
2448866.500000000,-1.751835702231794E+01,-2.278820020198536E+01,7.504761188722570E+00,2.623361724568980E-03,-2.301033227162783E-03,-5.003286501125386E-04
2448896.500000000,-1.743950104811068E+01,-2.285729184074616E+01,7.489321185547265E+00,2.622007790936921E-03,-2.309974862503688E-03,-5.165046347084837E-04
2448926.500000000,-1.736047314941375E+01,-2.292614235380989E+01,7.473839547971282E+00,2.644775318023376E-03,-2.290751827641055E-03,-5.297298352599915E-04
2448956.500000000,-1.728128123976743E+01,-2.299478842123001E+01,7.458267612671347E+00,2.647502472057506E-03,-2.273741150876655E-03,-5.116406274973351E-04
2448986.500000000,-1.720188170856382E+01,-2.306318919269605E+01,7.442594294039551E+00,2.639129594321334E-03,-2.283422199631261E-03,-5.169965079991969E-04
2449016.500000000,-1.712229773048417E+01,-2.313133433436970E+01,7.426876046352453E+00,2.658017442100661E-03,-2.273390466734918E-03,-5.382900690526924E-04
2449046.500000000,-1.704255849525802E+01,-2.319927098205458E+01,7.411087368166024E+00,2.670143222473245E-03,-2.249551453190077E-03,-5.256868161255100E-04
2449076.500000000,-1.696262127113172E+01,-2.326697636320052E+01,7.395188880076071E+00,2.659453057842697E-03,-2.254355976838478E-03,-5.193377322210279E-04
2449106.500000000,-1.688248507439619E+01,-2.333441401146181E+01,7.379232301876432E+00,2.670445321186737E-03,-2.254037624726365E-03,-5.427793159831171E-04
2449136.500000000,-1.680219512654232E+01,-2.340162543126715E+01,7.363223594520246E+00,2.689949038623194E-03,-2.228258052436671E-03,-5.404252677437127E-04
2449166.500000000,-1.672172653878985E+01,-2.346861485254413E+01,7.347107703428294E+00,2.682041441441099E-03,-2.224128594540232E-03,-5.251618868090431E-04
2449196.500000000,-1.664105567281452E+01,-2.353533453705698E+01,7.330915363146631E+00,2.683397450189554E-03,-2.231204676411477E-03,-5.441368976723374E-04
2449226.500000000,-1.656022791835050E+01,-2.360181025968989E+01,7.314682056045791E+00,2.705949959134842E-03,-2.209267338089402E-03,-5.535637484124794E-04
2449256.500000000,-1.647924069358546E+01,-2.366807259027292E+01,7.298354283372614E+00,2.705262168458517E-03,-2.195127442881261E-03,-5.349991808896270E-04
2449286.500000000,-1.639805240546367E+01,-2.373407535383257E+01,7.281932045486341E+00,2.698552080579588E-03,-2.204873442507613E-03,-5.443067155582308E-04
2449316.500000000,-1.631669386097479E+01,-2.379981688030581E+01,7.265469237714607E+00,2.719007631028789E-03,-2.191092720883556E-03,-5.633280673055926E-04
2449346.500000000,-1.623518756084867E+01,-2.386534146811868E+01,7.248931003409010E+00,2.727627590123592E-03,-2.168727711118773E-03,-5.481003918465805E-04
2449376.500000000,-1.615349041223624E+01,-2.393061817404508E+01,7.232286868896252E+00,2.716732891313321E-03,-2.175399561064318E-03,-5.455731941987103E-04
2449406.500000000,-1.607161152367760E+01,-2.399561996380578E+01,7.215592276484969E+00,2.730345253511741E-03,-2.171540395407099E-03,-5.689576252209403E-04
2449436.500000000,-1.598959166375262E+01,-2.406039327823936E+01,7.198841994560826E+00,2.747288404206839E-03,-2.145489778088636E-03,-5.626405107079284E-04
2449466.500000000,-1.590739829618015E+01,-2.412493338928016E+01,7.181984592557739E+00,2.737454822957856E-03,-2.144471459234491E-03,-5.498534596829030E-04
2449496.500000000,-1.582501401623977E+01,-2.418919572813494E+01,7.165059456228748E+00,2.741784802501300E-03,-2.149190517767543E-03,-5.709994735160241E-04
2449526.500000000,-1.574248418580639E+01,-2.425321179502041E+01,7.148092640503461E+00,2.763555016101895E-03,-2.125011984308702E-03,-5.763598910727069E-04
2449556.500000000,-1.565979858782113E+01,-2.431700194579558E+01,7.131028159550596E+00,2.759651403632821E-03,-2.113898939546081E-03,-5.581184680500154E-04
2449586.500000000,-1.557692185266407E+01,-2.438051734533402E+01,7.113877160597383E+00,2.754989381405217E-03,-2.122994928322809E-03,-5.711072008239361E-04
2449616.500000000,-1.549389222327236E+01,-2.444376609633485E+01,7.096688967315893E+00,2.776315860741255E-03,-2.105684510580501E-03,-5.872085059066412E-04
2449646.500000000,-1.541072573044359E+01,-2.450679004535808E+01,7.079420789709128E+00,2.781189644583672E-03,-2.085452557614217E-03,-5.700253729086776E-04
2449676.500000000,-1.532737837925029E+01,-2.456955386682762E+01,7.062051952343097E+00,2.770722263131072E-03,-2.093564270176757E-03,-5.715131021880677E-04
2449706.500000000,-1.524386593859130E+01,-2.463203959311514E+01,7.044639345546097E+00,2.786694185948665E-03,-2.086043033140018E-03,-5.940372370009766E-04
2449736.500000000,-1.516022335999818E+01,-2.469429452844649E+01,7.027166842591195E+00,2.800661476207405E-03,-2.060411354434026E-03,-5.840926937130081E-04
2449766.500000000,-1.507641217441691E+01,-2.475630405867731E+01,7.009588570213821E+00,2.789497138404478E-03,-2.062181678358678E-03,-5.743660403377238E-04
2449796.500000000,-1.499242360166706E+01,-2.481802673084482E+01,6.991951243113450E+00,2.796741485537459E-03,-2.063964856294995E-03,-5.969525722879283E-04
2449826.500000000,-1.490830480668899E+01,-2.487949997376741E+01,6.974270750986354E+00,2.816924158211436E-03,-2.038200437046740E-03,-5.981210342207626E-04
2449856.500000000,-1.482403813973953E+01,-2.494073700809367E+01,6.956490641814892E+00,2.810057537950234E-03,-2.030364255259333E-03,-5.809890538277427E-04
2449886.500000000,-1.473959335354335E+01,-2.500168939414375E+01,6.938632703364760E+00,2.807789821266691E-03,-2.038285867666034E-03,-5.972455116268202E-04
2449916.500000000,-1.465501289795832E+01,-2.506237502330507E+01,6.920739738805374E+00,2.829417701260748E-03,-2.017947664669756E-03,-6.099015359668188E-04
2449946.500000000,-1.457030265576666E+01,-2.512283050546305E+01,6.902762425604597E+00,2.830699309755554E-03,-2.000356974808029E-03,-5.915189206685537E-04
2449976.500000000,-1.448541886026988E+01,-2.518301307241332E+01,6.884690770915967E+00,2.821329648122043E-03,-2.009182480180734E-03,-5.970520749844558E-04
2450006.500000000,-1.440038685365625E+01,-2.524291238566109E+01,6.866581164134447E+00,2.839199723362117E-03,-1.997875251323280E-03,-6.179365040905598E-04
2450036.500000000,-1.431523697540065E+01,-2.530257553837410E+01,6.848407228167964E+00,2.849743667912647E-03,-1.973262853814879E-03,-6.048284026486078E-04
2450066.500000000,-1.422992844485358E+01,-2.536197977252518E+01,6.830130564731999E+00,2.837683123385598E-03,-1.977443334837608E-03,-5.986114945556557E-04
2450096.500000000,-1.414446252293419E+01,-2.542109211930778E+01,6.811803430543308E+00,2.847612142412563E-03,-1.976060935465182E-03,-6.218553478363498E-04
2450126.500000000,-1.405888309776628E+01,-2.547995721936118E+01,6.793430643644215E+00,2.865622330091752E-03,-1.949548593086371E-03,-6.188787568888034E-04
2450156.500000000,-1.397316284182176E+01,-2.553857913473765E+01,6.774957406639436E+00,2.856282749275598E-03,-1.945065299277163E-03,-6.036023840961986E-04
2450186.500000000,-1.388727726232471E+01,-2.559691019712904E+01,6.756415319544859E+00,2.856745683965530E-03,-1.951244955797996E-03,-6.225941573733409E-04
2450216.500000000,-1.380127089309968E+01,-2.565497540309599E+01,6.737838976870463E+00,2.878081125755901E-03,-1.928300446922395E-03,-6.314079898519465E-04
2450246.500000000,-1.371514163392524E+01,-2.571280236458384E+01,6.719174701971268E+00,2.875820246045260E-03,-1.913647300069120E-03,-6.126073539137037E-04
2450276.500000000,-1.362885085524016E+01,-2.577034447528433E+01,6.700423727733962E+00,2.867965589090894E-03,-1.922587136516832E-03,-6.220523200504760E-04
2450306.500000000,-1.354243185472071E+01,-2.582760228712801E+01,6.681639652079341E+00,2.887165280595095E-03,-1.907720110139102E-03,-6.405776755276757E-04
2450336.500000000,-1.345590783414424E+01,-2.588462160465799E+01,6.662786865677583E+00,2.894026598344768E-03,-1.884887474436394E-03,-6.248894423428196E-04
2450366.500000000,-1.336923551189186E+01,-2.594137335364407E+01,6.643835755532978E+00,2.881777677612843E-03,-1.891142992469822E-03,-6.225123543965787E-04
2450396.500000000,-1.328242320998176E+01,-2.599783252566719E+01,6.624841896150188E+00,2.894315596717775E-03,-1.886347791297326E-03,-6.456139740024478E-04
2450426.500000000,-1.319551061959915E+01,-2.605404534739231E+01,6.605799022999396E+00,2.909666904444933E-03,-1.859715368352576E-03,-6.386902347877341E-04
2450456.500000000,-1.310846479946517E+01,-2.611000591969939E+01,6.586656218582152E+00,2.898341718549566E-03,-1.858388280289204E-03,-6.259393896951757E-04
2450486.500000000,-1.302126973746924E+01,-2.616566979656947E+01,6.567453741298908E+00,2.901585730330637E-03,-1.862238410344005E-03,-6.470149149551089E-04
2450516.500000000,-1.293397262428326E+01,-2.622106972434942E+01,6.548216877010843E+00,2.921810096138996E-03,-1.837330227325106E-03,-6.517215090873913E-04
2450546.500000000,-1.284656314141833E+01,-2.627622751150537E+01,6.528889546939619E+00,2.916190401264443E-03,-1.826064608754664E-03,-6.333070822885602E-04
2450576.500000000,-1.275900529456683E+01,-2.633109593114357E+01,6.509483913346940E+00,2.910378649392701E-03,-1.834629692860255E-03,-6.463877121161662E-04
2450606.500000000,-1.267133679232486E+01,-2.638568458851973E+01,6.490048740084976E+00,2.930431188825157E-03,-1.816574789897867E-03,-6.619293493270775E-04
2450636.500000000,-1.258357157213031E+01,-2.644003475527557E+01,6.470540453164566E+00,2.933655473823475E-03,-1.796127607892486E-03,-6.443528365207062E-04
2450666.500000000,-1.249566511850347E+01,-2.649410886428275E+01,6.450939381723725E+00,2.921948074622246E-03,-1.803816079299317E-03,-6.459896331500233E-04
2450696.500000000,-1.240763604932440E+01,-2.654788851086650E+01,6.431302616682253E+00,2.936722914799034E-03,-1.795401141127460E-03,-6.681366529152368E-04
2450726.500000000,-1.231952126459787E+01,-2.660142190378530E+01,6.411613103308096E+00,2.948902634235983E-03,-1.769373549966735E-03,-6.576081192572563E-04
2450756.500000000,-1.223128344037097E+01,-2.665469549991415E+01,6.391825699219973E+00,2.936112303721913E-03,-1.770999922030948E-03,-6.479480792076772E-04
2450786.500000000,-1.214291555356971E+01,-2.670767144724920E+01,6.371987808930630E+00,2.942120944003618E-03,-1.772202142554952E-03,-6.703773065680714E-04
2450816.500000000,-1.205446322832358E+01,-2.676039089354922E+01,6.352114179013688E+00,2.960691180796639E-03,-1.746124212032269E-03,-6.708857227175194E-04
2450846.500000000,-1.196590528093837E+01,-2.681286706335639E+01,6.332148343535922E+00,2.952203676484761E-03,-1.738397078806201E-03,-6.536506165682059E-04
2450876.500000000,-1.187721058578263E+01,-2.686505104353352E+01,6.312113111969212E+00,2.948867288434713E-03,-1.745932781891168E-03,-6.699465191594259E-04
2450906.500000000,-1.178842130066860E+01,-2.691696065535706E+01,6.292050574420090E+00,2.969177958026304E-03,-1.725046428033482E-03,-6.819897173596694E-04
2450936.500000000,-1.169954306310425E+01,-2.696863061156639E+01,6.271911009867251E+00,2.968735418705358E-03,-1.707431334094294E-03,-6.632707743895448E-04
2450966.500000000,-1.161053433871497E+01,-2.702001820795239E+01,6.251685661594487E+00,2.958071239563220E-03,-1.716050989412204E-03,-6.689304431475461E-04
2450996.500000000,-1.152142197794356E+01,-2.707111615418568E+01,6.231430751601215E+00,2.974684205741393E-03,-1.704213872609796E-03,-6.893542663297908E-04
2451026.500000000,-1.143223505695033E+01,-2.712197297349542E+01,6.211118930793094E+00,2.983483503925353E-03,-1.679611289888177E-03,-6.757053985362723E-04
2451056.500000000,-1.134293169027913E+01,-2.717256651341134E+01,6.190712554395901E+00,2.970023253223443E-03,-1.683913522411820E-03,-6.695920658270168E-04
2451086.500000000,-1.125351243883797E+01,-2.722286503435604E+01,6.170264187498413E+00,2.978914247653998E-03,-1.682098209800955E-03,-6.926024305320224E-04
2451116.500000000,-1.116402024939422E+01,-2.727291245054353E+01,6.149777594140953E+00,2.995362050676550E-03,-1.655401382611638E-03,-6.889705243950917E-04
2451146.500000000,-1.107442828258045E+01,-2.732271175272998E+01,6.129198377844485E+00,2.984439381557086E-03,-1.651113036938741E-03,-6.736493844812214E-04
2451176.500000000,-1.098471375363254E+01,-2.737221676035299E+01,6.108559111116806E+00,2.983790476096273E-03,-1.657019814327668E-03,-6.926093904187559E-04
2451206.500000000,-1.089492189530056E+01,-2.742145486439279E+01,6.087893639395935E+00,3.003654699225591E-03,-1.633858441645743E-03,-7.007630857066852E-04
2451236.500000000,-1.080504931459567E+01,-2.747045571741559E+01,6.067147981127157E+00,2.999711304430837E-03,-1.619612937690477E-03,-6.816982398940000E-04
2451266.500000000,-1.071505519525178E+01,-2.751917453185624E+01,6.046324327011832E+00,2.990798386381418E-03,-1.628660506140718E-03,-6.912502828440462E-04
2451296.500000000,-1.062497073633989E+01,-2.756761243348478E+01,6.025475843734737E+00,3.008928838798656E-03,-1.613556519975387E-03,-7.092487710491234E-04
2451326.500000000,-1.053481683196510E+01,-2.761581384067804E+01,6.004566058387270E+00,3.014293390635912E-03,-1.590976990666585E-03,-6.930835323155761E-04
2451356.500000000,-1.044454945605795E+01,-2.766374737310028E+01,5.983566274592387E+00,3.000925815864669E-03,-1.597384234199334E-03,-6.908294921521490E-04
2451386.500000000,-1.035417915348944E+01,-2.771138721779404E+01,5.962532453674773E+00,3.012481229114785E-03,-1.592215396060871E-03,-7.136046877134288E-04
2451416.500000000,-1.026374732461961E+01,-2.775878074046925E+01,5.941457369365992E+00,3.026276888787810E-03,-1.565646847950676E-03,-7.060421221115412E-04
2451446.500000000,-1.017322101416914E+01,-2.780592348013237E+01,5.920290568129880E+00,3.013532270653513E-03,-1.564724486275575E-03,-6.932999541897890E-04
2451476.500000000,-1.008258453571873E+01,-2.785277344070466E+01,5.899073080646041E+00,3.015822977347304E-03,-1.568509329688744E-03,-7.142719601630590E-04
2451506.500000000,-9.991883398468669E+00,-2.789936617561318E+01,5.877829114103172E+00,3.034764774375876E-03,-1.543680065022362E-03,-7.183071067540323E-04
2451536.500000000,-9.901103554855224E+00,-2.794572319781915E+01,5.856502332253009E+00,3.027785823111480E-03,-1.532953285497364E-03,-6.997113862122561E-04
2451566.500000000,-9.810208006939806E+00,-2.799179581345486E+01,5.835106010941692E+00,3.021154271677940E-03,-1.541609427503730E-03,-7.128611372921854E-04
2451596.500000000,-9.719234784532379E+00,-2.803759380305337E+01,5.813688412410150E+00,3.040211312144347E-03,-1.523414731772140E-03,-7.278153836046298E-04
2451626.500000000,-9.628196981544832E+00,-2.808315780551706E+01,5.792205340433119E+00,3.042026337221835E-03,-1.503374531229154E-03,-7.098229090174463E-04
2451656.500000000,-9.537050716504389E+00,-2.812845013052301E+01,5.770638281198760E+00,3.029336840690559E-03,-1.511376398942836E-03,-7.115809885586840E-04
2451686.500000000,-9.445814861751632E+00,-2.817345506646578E+01,5.749044315818183E+00,3.043300596936869E-03,-1.502875085519489E-03,-7.333241174677388E-04
2451716.500000000,-9.354523395661015E+00,-2.821822178529579E+01,5.727405226519825E+00,3.054233935161007E-03,-1.477196143843952E-03,-7.222017150270674E-04
2451746.500000000,-9.263136713021956E+00,-2.826273512824787E+01,5.705676492255698E+00,3.040467271890486E-03,-1.479312670389707E-03,-7.126044962539531E-04
2451776.500000000,-9.171647348853044E+00,-2.830695664891252E+01,5.683906043833175E+00,3.045907388706371E-03,-1.480400976860908E-03,-7.348622222630571E-04
2451806.500000000,-9.080100369341970E+00,-2.835092614992081E+01,5.662107570973762E+00,3.063421531457426E-03,-1.454331949907480E-03,-7.346956444544262E-04
2451836.500000000,-8.988475566364425E+00,-2.839465487483778E+01,5.640224865616273E+00,3.053738834548849E-03,-1.447053245283295E-03,-7.173450704267306E-04
2451866.500000000,-8.896743946985513E+00,-2.843809533600070E+01,5.618281803728480E+00,3.049697708292806E-03,-1.454633342335203E-03,-7.336556246300993E-04
2451896.500000000,-8.804947685247758E+00,-2.848126823219550E+01,5.596319730972946E+00,3.069064864812008E-03,-1.433730599746543E-03,-7.450623617628769E-04
2451926.500000000,-8.713090368306773E+00,-2.852420953162374E+01,5.574288427577082E+00,3.067408494929803E-03,-1.416716849947731E-03,-7.260045627514327E-04
2451956.500000000,-8.621127809728298E+00,-2.856687735234008E+01,5.552180075520989E+00,3.056135807630001E-03,-1.425703174636595E-03,-7.317879602032068E-04
2451986.500000000,-8.529084174417516E+00,-2.860926408200236E+01,5.530050589322806E+00,3.072240107501232E-03,-1.413755249139238E-03,-7.517408873813494E-04
2452016.500000000,-8.436986645809817E+00,-2.865141555123284E+01,5.507871725958352E+00,3.080045497514575E-03,-1.389468141578770E-03,-7.375526246236347E-04
2452046.500000000,-8.344793155599433E+00,-2.869330682571526E+01,5.485606697402574E+00,3.065885429537851E-03,-1.394094608928241E-03,-7.315365104975476E-04
2452076.500000000,-8.252505976690721E+00,-2.873490531895032E+01,5.463308574137865E+00,3.074319401521201E-03,-1.392021971061834E-03,-7.542870949057057E-04
2452106.500000000,-8.160169480427355E+00,-2.877625547611866E+01,5.440980160936549E+00,3.089769873583620E-03,-1.365403693491006E-03,-7.499870905468673E-04
2452136.500000000,-8.067756268313119E+00,-2.881736095213353E+01,5.418567307329081E+00,3.077915435557097E-03,-1.361595481435695E-03,-7.346201932197424E-04
2452166.500000000,-7.975242838387945E+00,-2.885817639105664E+01,5.396103380777551E+00,3.076858273014746E-03,-1.367453900752722E-03,-7.535378329028806E-04
2452196.500000000,-7.882673433629384E+00,-2.889872982655346E+01,5.373621290513816E+00,3.096012012206960E-03,-1.344226938658273E-03,-7.610322556003270E-04
2452226.500000000,-7.790042406347458E+00,-2.893904940566744E+01,5.351066651921284E+00,3.091149466495687E-03,-1.330399985989334E-03,-7.417141901739019E-04
2452256.500000000,-7.697308811695628E+00,-2.897908809094587E+01,5.328442784464066E+00,3.081805414235577E-03,-1.339461835644686E-03,-7.513636467826757E-04
2452286.500000000,-7.604505752416134E+00,-2.901884708255037E+01,5.305802598990984E+00,3.099380249136624E-03,-1.324069746868585E-03,-7.688193156283154E-04
2452316.500000000,-7.511654032545660E+00,-2.905837119064030E+01,5.283108852789058E+00,3.103732557282479E-03,-1.301774329582811E-03,-7.521722184550359E-04
2452346.500000000,-7.418709163038830E+00,-2.909762898516599E+01,5.260333836371361E+00,3.089747075027061E-03,-1.308442257101465E-03,-7.500303685415801E-04
2452376.500000000,-7.325681593251843E+00,-2.913659646593042E+01,5.237533698501730E+00,3.100952669306290E-03,-1.303054382938975E-03,-7.724691197308512E-04
2452406.500000000,-7.232609842542575E+00,-2.917532128033212E+01,5.214699985139355E+00,3.113974608459926E-03,-1.276612001510750E-03,-7.642759352949608E-04
2452436.500000000,-7.139458327709100E+00,-2.921379570901015E+01,5.191782685199287E+00,3.100615360909202E-03,-1.275978649070712E-03,-7.515504084532932E-04
2452466.500000000,-7.046212135289796E+00,-2.925197555130957E+01,5.168823602774468E+00,3.102706589993327E-03,-1.279421539301716E-03,-7.724130333937372E-04
2452496.500000000,-6.952917807485730E+00,-2.928989490790960E+01,5.145845986021202E+00,3.120986399347386E-03,-1.254287956112563E-03,-7.757703236977824E-04
2452526.500000000,-6.859562697647579E+00,-2.932757299441493E+01,5.122793550220016E+00,3.113085937148048E-03,-1.243730875152040E-03,-7.569868756765773E-04
2452556.500000000,-6.766112708477927E+00,-2.936496210433799E+01,5.099680719910104E+00,3.106007587808587E-03,-1.252205182738393E-03,-7.701905057618606E-04
2452586.500000000,-6.672606534791504E+00,-2.940207507016307E+01,5.076555100992898E+00,3.124469613783213E-03,-1.233675491820825E-03,-7.845468454751501E-04
2452616.500000000,-6.579055267689516E+00,-2.943895299074958E+01,5.053371793309163E+00,3.125325745572587E-03,-1.213879530307508E-03,-7.661444674639411E-04
2452646.500000000,-6.485413393624312E+00,-2.947555797889685E+01,5.030113228732635E+00,3.112192741218084E-03,-1.221962092484388E-03,-7.680286102204592E-04
2452676.500000000,-6.391698504509896E+00,-2.951187398768543E+01,5.006836385468802E+00,3.125881661668345E-03,-1.213007612754242E-03,-7.893627650243588E-04
2452706.500000000,-6.297943748459191E+00,-2.954794740589341E+01,4.983522120942881E+00,3.135984568159417E-03,-1.187250546546115E-03,-7.776456513669723E-04
2452736.500000000,-6.204110524905318E+00,-2.958376075508194E+01,4.960126707530767E+00,3.121565533623340E-03,-1.189424232480520E-03,-7.681050358991833E-04
2452766.500000000,-6.110193384364917E+00,-2.961927590536480E+01,4.936698708372036E+00,3.126693739132615E-03,-1.190006232584975E-03,-7.901690059863469E-04
2452796.500000000,-6.016238350257938E+00,-2.965453326720624E+01,4.913250851662016E+00,3.143392060939824E-03,-1.163665994090872E-03,-7.893156381342392E-04
2452826.500000000,-5.922224519773816E+00,-2.968954429452710E+01,4.889726991057875E+00,3.132860375466035E-03,-1.156568261327158E-03,-7.718526358646935E-04
2452856.500000000,-5.828122077498359E+00,-2.972426165998887E+01,4.866151836183631E+00,3.128534036771236E-03,-1.163807376324433E-03,-7.881723165912775E-04
2452886.500000000,-5.733972963118135E+00,-2.975870515289340E+01,4.842565963681406E+00,3.147332985546497E-03,-1.142403252419616E-03,-7.989400897480578E-04
2452916.500000000,-5.639780480938668E+00,-2.979290856806009E+01,4.818918664028832E+00,3.144745946933931E-03,-1.125392318178502E-03,-7.795492220700512E-04
2452946.500000000,-5.545501888852744E+00,-2.982682829688981E+01,4.795203234644557E+00,3.132975171715072E-03,-1.134081149049368E-03,-7.854427287682954E-04
2452976.500000000,-5.451164605771017E+00,-2.986045729680686E+01,4.771475556137852E+00,3.148502950070048E-03,-1.121488734933869E-03,-8.049016125762480E-04
2453006.500000000,-5.356796774377854E+00,-2.989384315747723E+01,4.747706513094662E+00,3.155216788872756E-03,-1.097145313867847E-03,-7.901653995174588E-04
2453036.500000000,-5.262355426209069E+00,-2.992696214505751E+01,4.723860092321873E+00,3.140324758893905E-03,-1.101803791103805E-03,-7.842368797309436E-04
2453066.500000000,-5.167842441030444E+00,-2.995978314894103E+01,4.699989741392709E+00,3.148368623612846E-03,-1.099243713642297E-03,-8.067156954667864E-04
2453096.500000000,-5.073299910826439E+00,-2.999235084716262E+01,4.676097067539769E+00,3.162994416359212E-03,-1.072408700558555E-03,-8.017508624629997E-04
2453126.500000000,-4.978698011176707E+00,-3.002466581596439E+01,4.652128162250842E+00,3.150379507347533E-03,-1.068615923195776E-03,-7.863396430628074E-04
2453156.500000000,-4.884014861741429E+00,-3.005668004791615E+01,4.628117382266764E+00,3.148979529043804E-03,-1.073893340541585E-03,-8.051994830687736E-04
2453186.500000000,-4.789296999102455E+00,-3.008842098763688E+01,4.604096831374770E+00,3.167361280372871E-03,-1.050070355633037E-03,-8.120182853883815E-04
2453216.500000000,-4.694539944010390E+00,-3.011991575712928E+01,4.580011912502478E+00,3.161406798794426E-03,-1.036170466789523E-03,-7.924331261824970E-04
2453246.500000000,-4.599705335712112E+00,-3.015111810933474E+01,4.555867126082201E+00,3.151438826596536E-03,-1.044879657672365E-03,-8.021609744190886E-04
2453276.500000000,-4.504827249871468E+00,-3.018203226612997E+01,4.531714880230077E+00,3.168320692359947E-03,-1.028900337024652E-03,-8.190605477879230E-04
2453306.500000000,-4.409924425226196E+00,-3.021270343123795E+01,4.507517005845796E+00,3.171559504310621E-03,-1.006547230060617E-03,-8.019319956002541E-04
2453336.500000000,-4.314951709978138E+00,-3.024309905987588E+01,4.483246729684549E+00,3.156867455772439E-03,-1.013084366599653E-03,-7.999010162525160E-04
2453366.500000000,-4.219920102693757E+00,-3.027319520151161E+01,4.458960357966082E+00,3.167569578241812E-03,-1.007028539309139E-03,-8.219898918368105E-04
2453396.500000000,-4.124868139206613E+00,-3.030303823179038E+01,4.434648442128184E+00,3.179513609492339E-03,-9.802571492368707E-04,-8.131518392682020E-04
2453426.500000000,-4.029761748887972E+00,-3.033261928732669E+01,4.410261657954665E+00,3.165158342931882E-03,-9.795738991700787E-04,-8.004282469808599E-04
2453456.500000000,-3.934587932364437E+00,-3.036189600534691E+01,4.385842575974601E+00,3.166676799263044E-03,-9.824701863343577E-04,-8.211566133768146E-04
2453486.500000000,-3.839392881824809E+00,-3.039090410910497E+01,4.361413434934011E+00,3.183969944974151E-03,-9.569198262490935E-04,-8.238184312055557E-04
2453516.500000000,-3.744162553589768E+00,-3.041966267108065E+01,4.336917836597822E+00,3.174970680927250E-03,-9.464407645116674E-04,-8.048473795224156E-04
2453546.500000000,-3.648861937563965E+00,-3.044812369237459E+01,4.312371114398231E+00,3.167370245185821E-03,-9.545305358528476E-04,-8.180984476650185E-04
2453576.500000000,-3.553529478183446E+00,-3.047629862857195E+01,4.287820234075405E+00,3.185091950229356E-03,-9.353257629170114E-04,-8.318440428651521E-04
2453606.500000000,-3.458177136393200E+00,-3.050422613182927E+01,4.263219735492600E+00,3.184736783440740E-03,-9.153707073076852E-04,-8.130275849522380E-04
2453636.500000000,-3.362761854821701E+00,-3.053186732498471E+01,4.238553148498121E+00,3.170769849593383E-03,-9.231362610443237E-04,-8.150205122122496E-04
2453666.500000000,-3.267304425664699E+00,-3.055920755611853E+01,4.213877545822245E+00,3.183635098395764E-03,-9.134617678568967E-04,-8.359148943223795E-04
2453696.500000000,-3.171839262793175E+00,-3.058629570088547E+01,4.189172830444194E+00,3.192375818255692E-03,-8.875455695700431E-04,-8.235907622669825E-04
2453726.500000000,-3.076326691148041E+00,-3.061311627166725E+01,4.164395858210026E+00,3.176897254333774E-03,-8.897778117593676E-04,-8.141015923172266E-04
2453756.500000000,-2.980760158916481E+00,-3.063963248430318E+01,4.139595684302338E+00,3.181378138563917E-03,-8.898638022549846E-04,-8.359577324222535E-04
2453786.500000000,-2.885184038863556E+00,-3.066588492959464E+01,4.114783927384310E+00,3.197001076025708E-03,-8.632141868890710E-04,-8.344155570521620E-04
2453816.500000000,-2.789575617549064E+00,-3.069188274185752E+01,4.089904523629578E+00,3.185364136871638E-03,-8.561502032202933E-04,-8.168398421021523E-04
2453846.500000000,-2.693906540743466E+00,-3.071757636814873E+01,4.064983280295397E+00,3.180367287820353E-03,-8.628817513741710E-04,-8.331463743897285E-04
2453876.500000000,-2.598221400806148E+00,-3.074298601769311E+01,4.040060134891056E+00,3.198141586653001E-03,-8.408939148792396E-04,-8.432530005761476E-04
2453906.500000000,-2.502524063672321E+00,-3.076814591464055E+01,4.015083923657565E+00,3.194185354181197E-03,-8.238839737836742E-04,-8.235183647476488E-04
2453936.500000000,-2.406772736998811E+00,-3.079301298525488E+01,3.990049053440078E+00,3.181516764649844E-03,-8.323525593819656E-04,-8.295055944842253E-04
2453966.500000000,-2.310995463802797E+00,-3.081758251529899E+01,3.965011091670259E+00,3.196171475695377E-03,-8.192015063845041E-04,-8.484585347434175E-04
2453996.500000000,-2.215218442127318E+00,-3.084190222911708E+01,3.939939845587982E+00,3.201563175467914E-03,-7.947817020516114E-04,-8.331781102723822E-04
2454026.500000000,-2.119398325144614E+00,-3.086594616277456E+01,3.914800156694918E+00,3.185640670068500E-03,-7.993645108709552E-04,-8.273347840406624E-04
2454056.500000000,-2.023539161499023E+00,-3.088968322399869E+01,3.889645898276143E+00,3.192883002186317E-03,-7.961840944249916E-04,-8.495249436545416E-04
2454086.500000000,-1.927684166958175E+00,-3.091315857522248E+01,3.864477647881149E+00,3.206151437799843E-03,-7.690472513143093E-04,-8.438803604565508E-04
2454116.500000000,-1.831804740994651E+00,-3.093637272565503E+01,3.839241993448314E+00,3.192170679422252E-03,-7.653519952981407E-04,-8.284110654770571E-04
2454146.500000000,-1.735880498981872E+00,-3.095928049594602E+01,3.813974175676710E+00,3.189891790405219E-03,-7.702875433789059E-04,-8.471927989418674E-04
2454176.500000000,-1.639956641077924E+00,-3.098191207582013E+01,3.788705281034229E+00,3.207101920087041E-03,-7.461626322583622E-04,-8.533253167677507E-04
2454206.500000000,-1.544026193020501E+00,-3.100429388681774E+01,3.763380404890811E+00,3.199785058484350E-03,-7.324747456782220E-04,-8.334782676261832E-04
2454236.500000000,-1.448049862778014E+00,-3.102637872363534E+01,3.738005043423858E+00,3.189009531518134E-03,-7.409977603140766E-04,-8.432817695327431E-04
2454266.500000000,-1.352061719420804E+00,-3.104816973145299E+01,3.712631118009732E+00,3.204966509936240E-03,-7.244526398804096E-04,-8.596128046785822E-04
2454296.500000000,-1.256081674195128E+00,-3.106970963583924E+01,3.687219814395765E+00,3.206734325349694E-03,-7.020482454566155E-04,-8.419972601673054E-04
2454326.500000000,-1.160067297705160E+00,-3.109096542795374E+01,3.661745414476326E+00,3.190886742179095E-03,-7.085066716092693E-04,-8.400634149831445E-04
2454356.500000000,-1.064032186326368E+00,-3.111191549068466E+01,3.636264411087861E+00,3.200576337864697E-03,-7.019227801521148E-04,-8.617773538556008E-04
2454386.500000000,-9.680156404269030E-01,-3.113260845326889E+01,3.610766331042658E+00,3.210968629241035E-03,-6.751105168907611E-04,-8.522883198921386E-04
2454416.500000000,-8.719824907497663E-01,-3.115303712598745E+01,3.585202269565862E+00,3.195265835202915E-03,-6.746971243027864E-04,-8.395710246303540E-04
2454446.500000000,-7.759185280143538E-01,-3.117316042042885E+01,3.559615375817677E+00,3.195916194331044E-03,-6.772921491709120E-04,-8.601574283474273E-04
2454476.500000000,-6.798691569993111E-01,-3.119301392318836E+01,3.534026905825917E+00,3.211919953852516E-03,-6.515408615989993E-04,-8.621232023208705E-04
2454506.500000000,-5.838195941774038E-01,-3.121261521580805E+01,3.508380422816630E+00,3.201478979514327E-03,-6.413153026673956E-04,-8.429672197729641E-04
2454536.500000000,-4.877360489251723E-01,-3.123191554303415E+01,3.482692379425606E+00,3.192910270236534E-03,-6.492036567475848E-04,-8.562458210911927E-04
2454566.500000000,-3.916592971935939E-01,-3.125092771032068E+01,3.457009270111393E+00,3.209411037158835E-03,-6.296611958940695E-04,-8.693615284763452E-04
2454596.500000000,-2.956011030606077E-01,-3.126969186004240E+01,3.431284988022867E+00,3.207457686646144E-03,-6.099951145187292E-04,-8.501295297552386E-04
2454626.500000000,-1.995174832299424E-01,-3.128816982023782E+01,3.405504018759822E+00,3.192381110123667E-03,-6.178881970130834E-04,-8.522247110904520E-04
2454656.500000000,-1.034292226334709E-01,-3.130634816342852E+01,3.379723339271405E+00,3.204259638172076E-03,-6.079054669411667E-04,-8.726745664939401E-04
2454686.500000000,-7.369173059938209E-03,-3.132427537179464E+01,3.353921726264989E+00,3.211526170655404E-03,-5.821129302262734E-04,-8.597533578817154E-04
2454716.500000000,8.870274232107773E-02,-3.134193335387080E+01,3.328056732851275E+00,3.194772743812741E-03,-5.845399734797779E-04,-8.503154835792066E-04
2454746.500000000,1.847898510289734E-01,-3.135928507406371E+01,3.302178093638671E+00,3.198244345224579E-03,-5.842780062352261E-04,-8.719485300940170E-04
2454776.500000000,2.808456138905800E-01,-3.137637288374561E+01,3.276296428290238E+00,3.212322249162928E-03,-5.575736663981276E-04,-8.697078390893506E-04
2454806.500000000,3.768922549064948E-01,-3.139320708301559E+01,3.250355884836413E+00,3.199062494968988E-03,-5.509387337772674E-04,-8.520117973679511E-04
2454836.500000000,4.729571264410704E-01,-3.140974124033459E+01,3.224383252165508E+00,3.192976720269068E-03,-5.577143466253134E-04,-8.682943452382222E-04
2454866.500000000,5.689972443189922E-01,-3.142599897148698E+01,3.198417538463624E+00,3.209466728807860E-03,-5.357389823553658E-04,-8.777400772064847E-04
2454896.500000000,6.650122597386606E-01,-3.144201384784865E+01,3.172407035509017E+00,3.203969505210541E-03,-5.192544020033942E-04,-8.576723629532306E-04
2454926.500000000,7.610447938610291E-01,-3.145774133116046E+01,3.146347224126604E+00,3.190278078463141E-03,-5.279335566790624E-04,-8.637555485774688E-04
2454956.500000000,8.570662090998041E-01,-3.147317634233151E+01,3.120293406804844E+00,3.203887754935806E-03,-5.145796210578159E-04,-8.821948320818472E-04
2454986.500000000,9.530496814847366E-01,-3.148836504505913E+01,3.094214599045982E+00,3.207661523383804E-03,-4.904518606415115E-04,-8.663649909501262E-04
2455016.500000000,1.049036388419818E+00,-3.150328152803887E+01,3.068076613602500E+00,3.190392225912172E-03,-4.954198989790559E-04,-8.605995264456629E-04
2455046.500000000,1.145020545926194E+00,-3.151789771776626E+01,3.041933633598414E+00,3.196566524878637E-03,-4.921637477219051E-04,-8.824884456424645E-04
2455076.500000000,1.240959630441929E+00,-3.153226069879165E+01,3.015785108438727E+00,3.208264316263565E-03,-4.653213892140504E-04,-8.761656671101178E-04
2455106.500000000,1.336883631448418E+00,-3.154637162134995E+01,2.989577893946830E+00,3.192817372915964E-03,-4.622862707438731E-04,-8.606519723414348E-04
2455136.500000000,1.432813684059504E+00,-3.156018615626867E+01,2.963347937384829E+00,3.189593987365764E-03,-4.673355787501402E-04,-8.793581667955524E-04
2455166.500000000,1.528704838333113E+00,-3.157373419844626E+01,2.937125441567944E+00,3.205460301147072E-03,-4.433236103707377E-04,-8.848048963980955E-04
2455196.500000000,1.624563781831838E+00,-3.158704148064428E+01,2.910855343988010E+00,3.196533056701667E-03,-4.302911565420881E-04,-8.647017446854662E-04
2455226.500000000,1.720428601585348E+00,-3.160006183744072E+01,2.884544261476418E+00,3.184655805772474E-03,-4.391513176191845E-04,-8.745711418234117E-04
2455256.500000000,1.816264160191049E+00,-3.161280082575628E+01,2.858243751281877E+00,3.199382457256982E-03,-4.227368206879567E-04,-8.903211292540362E-04
2455286.500000000,1.912051875562317E+00,-3.162530332219098E+01,2.831914188547714E+00,3.199526481912949E-03,-4.010894682179624E-04,-8.722272702476193E-04
2455316.500000000,2.007836657507393E+00,-3.163753726098228E+01,2.805530659571097E+00,3.182557295424273E-03,-4.082363023873765E-04,-8.704000629379064E-04
2455346.500000000,2.103606172728789E+00,-3.164948116397589E+01,2.779149741663745E+00,3.191347443779934E-03,-4.018142833473789E-04,-8.917428576415139E-04
2455376.500000000,2.199322517889550E+00,-3.166118268780799E+01,2.752759845210708E+00,3.200332413872213E-03,-3.755231249719547E-04,-8.816182567819102E-04
2455406.500000000,2.295021330322733E+00,-3.167263231472366E+01,2.726312595473427E+00,3.183358886728130E-03,-3.758051120094888E-04,-8.689161032523272E-04
2455436.500000000,2.390713951522563E+00,-3.168378846123117E+01,2.699851992104078E+00,3.183062775132781E-03,-3.785579187259542E-04,-8.893512885013403E-04
2455466.500000000,2.486352776947191E+00,-3.169468903472040E+01,2.673398347558600E+00,3.197636268315601E-03,-3.531858813905157E-04,-8.906194758250498E-04
2455496.500000000,2.581953100197037E+00,-3.170535360601554E+01,2.646895131907294E+00,3.185652969092624E-03,-3.438885271616759E-04,-8.712868287647746E-04
2455526.500000000,2.677548891923296E+00,-3.171573578773863E+01,2.620359810811818E+00,3.176104775844764E-03,-3.523543476313030E-04,-8.845974305445734E-04
2455556.500000000,2.773101071572740E+00,-3.172585142729554E+01,2.593838098530690E+00,3.191509326818858E-03,-3.332573096066331E-04,-8.970960468778459E-04
2455586.500000000,2.868601750211559E+00,-3.173574029707565E+01,2.567283124306417E+00,3.188161862110753E-03,-3.145498264096552E-04,-8.774715615726023E-04
2455616.500000000,2.964095978255182E+00,-3.174536221084273E+01,2.540680466612661E+00,3.172160205369017E-03,-3.231808986685449E-04,-8.796814172882976E-04
2455646.500000000,3.059562081235483E+00,-3.175470394699387E+01,2.514087079091572E+00,3.183182738266678E-03,-3.134939907376888E-04,-8.996879771914872E-04
2455676.500000000,3.154967530723784E+00,-3.176381388509684E+01,2.487480777866507E+00,3.189059829284476E-03,-2.884650734776205E-04,-8.861757791364038E-04
2455706.500000000,3.250351899006213E+00,-3.177267394898152E+01,2.460819935617067E+00,3.171157285581973E-03,-2.918469574560415E-04,-8.767977377096131E-04
2455736.500000000,3.345718183592246E+00,-3.178124982328355E+01,2.434154734554792E+00,3.173877692381841E-03,-2.920539057748119E-04,-8.982136904813165E-04
2455766.500000000,3.441022253470035E+00,-3.178958531914452E+01,2.407494565915976E+00,3.186792824103000E-03,-2.660471864210376E-04,-8.952930687020853E-04
2455796.500000000,3.536288589311257E+00,-3.179768944936442E+01,2.380783685516179E+00,3.172382876233979E-03,-2.604954584758865E-04,-8.775073227436667E-04
2455826.500000000,3.631544944204049E+00,-3.180551523332950E+01,2.354049740989509E+00,3.165676756619575E-03,-2.678277443195409E-04,-8.937841513357238E-04
2455856.500000000,3.726748285523239E+00,-3.181308580195270E+01,2.327330934002537E+00,3.181218132500121E-03,-2.462876604179107E-04,-9.025797678592569E-04
2455886.500000000,3.821897505722104E+00,-3.182043389445410E+01,2.300575261460964E+00,3.174412475596320E-03,-2.308229459729635E-04,-8.821978552415164E-04
2455916.500000000,3.917034086403267E+00,-3.182751661414271E+01,2.273779311137017E+00,3.159917675750721E-03,-2.403251051691035E-04,-8.883870603002129E-04
2455946.500000000,4.012129721458277E+00,-3.183433196257073E+01,2.246998071833576E+00,3.172746272391723E-03,-2.274917136693753E-04,-9.063184239502523E-04
2455976.500000000,4.107160060501561E+00,-3.184092774527032E+01,2.220199614902329E+00,3.175338776252377E-03,-2.044610608369973E-04,-8.899681548933093E-04
2456006.500000000,4.202169705226982E+00,-3.184727820121584E+01,2.193350443176964E+00,3.157351790967342E-03,-2.105423692339876E-04,-8.843137730020070E-04
2456036.500000000,4.297155233552881E+00,-3.185335435336076E+01,2.166504955154666E+00,3.163137263662277E-03,-2.077778026416385E-04,-9.059212749193477E-04
2456066.500000000,4.392075312560610E+00,-3.185920118262472E+01,2.139661540289572E+00,3.173938086223661E-03,-1.816880184653684E-04,-8.989493635462312E-04
2456096.500000000,4.486960229702952E+00,-3.186481731048058E+01,2.112767444786361E+00,3.157647488628057E-03,-1.796821421881077E-04,-8.834186719270032E-04
2456126.500000000,4.581829321727488E+00,-3.187015769018959E+01,2.085859529656786E+00,3.153986562277090E-03,-1.852112851303780E-04,-9.020558862795641E-04
2456156.500000000,4.676635992133856E+00,-3.187525388011005E+01,2.058967137674741E+00,3.169014911469933E-03,-1.617776158467457E-04,-9.068333617838838E-04
2456186.500000000,4.771388170705811E+00,-3.188013292860380E+01,2.032034866174618E+00,3.159084070648998E-03,-1.498977398703187E-04,-8.865080640266650E-04
2456216.500000000,4.866125370389825E+00,-3.188474930995310E+01,2.005070291576746E+00,3.146776241703276E-03,-1.595478615943164E-04,-8.964696607979448E-04
2456246.500000000,4.960813596374286E+00,-3.188910970843433E+01,1.978124398851804E+00,3.161014697130863E-03,-1.436494981837855E-04,-9.116695317389701E-04
2456276.500000000,5.055437013174772E+00,-3.189325793505924E+01,1.951156679060728E+00,3.160292998531586E-03,-1.230201473221476E-04,-8.931396041088530E-04
2456306.500000000,5.150041365642598E+00,-3.189715931579199E+01,1.924143238555457E+00,3.142850899969071E-03,-1.310388002155130E-04,-8.914455634697059E-04
2456336.500000000,5.244612668238334E+00,-3.190079255540110E+01,1.897140881776113E+00,3.151315342280879E-03,-1.250059249852836E-04,-9.124325376569971E-04
2456366.500000000,5.339113396394992E+00,-3.190420613608602E+01,1.870136962376687E+00,3.159473161805580E-03,-9.954000285115041E-05,-9.016986292814459E-04
2456396.500000000,5.433580363619645E+00,-3.190739014348952E+01,1.843083688244397E+00,3.141863749619986E-03,-1.008920232376946E-04,-8.890400396365816E-04
2456426.500000000,5.528025412896695E+00,-3.191030437930337E+01,1.816025665318361E+00,3.141412812940441E-03,-1.041813030389294E-04,-9.093504812924675E-04
2456456.500000000,5.622403654761380E+00,-3.191298714838720E+01,1.788981992072667E+00,3.155490083901112E-03,-7.944036397251406E-05,-9.099605890662752E-04
2456486.500000000,5.716733061006100E+00,-3.191545467608096E+01,1.761896055588849E+00,3.142908162371917E-03,-7.114500077126440E-05,-8.904966039568452E-04
2456516.500000000,5.811046988450363E+00,-3.191765819095020E+01,1.734786345111702E+00,3.133261310141883E-03,-8.009930159822111E-05,-9.038703336021033E-04
2456546.500000000,5.905305011151410E+00,-3.191961274097518E+01,1.707697919218739E+00,3.148307841447188E-03,-6.127101228940226E-05,-9.157758895819748E-04
2456576.500000000,5.999498095667279E+00,-3.192135671685140E+01,1.680583435142303E+00,3.144145485863279E-03,-4.340484405354182E-05,-8.957887350672378E-04
2456606.500000000,6.093669633740089E+00,-3.192285106997880E+01,1.653429554420046E+00,3.127780620389474E-03,-5.276122886041330E-05,-8.981389596226754E-04
2456636.500000000,6.187798100380699E+00,-3.192408565307467E+01,1.626293024083071E+00,3.138577864139707E-03,-4.341728552476787E-05,-9.177266860954530E-04
2456666.500000000,6.281853578059247E+00,-3.192510942405064E+01,1.599150599156360E+00,3.143784289695977E-03,-1.921888790472254E-05,-9.036661329671443E-04
2456696.500000000,6.375878401459416E+00,-3.192590327686833E+01,1.571961267413864E+00,3.125561500792452E-03,-2.351688037970151E-05,-8.943940150528606E-04
2456726.500000000,6.469877089854855E+00,-3.192643157374264E+01,1.544775605039182E+00,3.128358060727669E-03,-2.398399508912383E-05,-9.156231720537028E-04
2456756.500000000,6.563805811058288E+00,-3.192673541717489E+01,1.517602019444035E+00,3.140824563570980E-03,1.597791011724982E-06,-9.120550587325230E-04
2456786.500000000,6.657688398780670E+00,-3.192682139752468E+01,1.490385036532337E+00,3.125898695258800E-03,6.356264476536120E-06,-8.942131025641509E-04
2456816.500000000,6.751550945941347E+00,-3.192664234914008E+01,1.463153262196630E+00,3.119151443572738E-03,-1.255971111862207E-06,-9.105009334096522E-04
2456846.500000000,6.845349196071798E+00,-3.192622236686957E+01,1.435944137005336E+00,3.134323376899189E-03,2.003563609741567E-05,-9.186703851122674E-04
2456876.500000000,6.939083228970179E+00,-3.192559452998465E+01,1.408705139589003E+00,3.126889301520734E-03,3.468366866900882E-05,-8.980174708956027E-04
2456906.500000000,7.032795962596724E+00,-3.192471536363541E+01,1.381433763806661E+00,3.112322831162939E-03,2.470685936648435E-05,-9.043482510146592E-04
2456936.500000000,7.126459019186357E+00,-3.192358202630520E+01,1.354184670461992E+00,3.125046772955248E-03,3.746870920852692E-05,-9.218042994803678E-04
2456966.500000000,7.220048459351429E+00,-3.192224062529083E+01,1.326925015505941E+00,3.127031913564758E-03,5.994828997271973E-05,-9.049749711367506E-04
2456996.500000000,7.313608247491373E+00,-3.192066334255474E+01,1.299622210138439E+00,3.108736635053974E-03,5.335104265230547E-05,-8.994577678068557E-04
2457026.500000000,7.407132080232936E+00,-3.191882173026173E+01,1.272331116041759E+00,3.114408223870663E-03,5.609158931595284E-05,-9.207972667989692E-04
2457056.500000000,7.500578155862307E+00,-3.191676273692771E+01,1.245049045897421E+00,3.124589851570160E-03,8.175385188292537E-05,-9.132031169018463E-04
2457086.500000000,7.593978633905222E+00,-3.191448533539059E+01,1.217723556143115E+00,3.107814327292805E-03,8.301408280140056E-05,-8.976870879038406E-04
2457116.500000000,7.687353570262833E+00,-3.191194492005681E+01,1.190392278182829E+00,3.104189249670882E-03,7.728102101607059E-05,-9.162830645839267E-04
2457146.500000000,7.780658264672531E+00,-3.190917291361890E+01,1.163083471507760E+00,3.118937657793758E-03,1.005203963793635E-04,-9.204282186653147E-04
2457176.500000000,7.873902905815378E+00,-3.190619277055287E+01,1.135741446910020E+00,3.108519230177907E-03,1.118193498606513E-04,-8.999191781728258E-04
2457206.500000000,7.967125232683403E+00,-3.190295583571240E+01,1.108374951065625E+00,3.096175630042002E-03,1.020336512527896E-04,-9.099959429156336E-04
2457236.500000000,8.060288436099404E+00,-3.189946854079026E+01,1.081034529289469E+00,3.110173759112792E-03,1.180684327453964E-04,-9.246617964912690E-04
2457266.500000000,8.153375492805065E+00,-3.189577416860357E+01,1.053678978514567E+00,3.108703591990704E-03,1.382764824016781E-04,-9.057174043174177E-04
2457296.500000000,8.246430310953958E+00,-3.189183877311461E+01,1.026285439437399E+00,3.090900242309719E-03,1.298638307390300E-04,-9.041784120955589E-04
2457326.500000000,8.339438336891888E+00,-3.188764397226034E+01,9.989106905856339E-01,3.099211730476688E-03,1.359325292489401E-04,-9.248313561910837E-04
2457356.500000000,8.432364310901610E+00,-3.188323868148098E+01,9.715409018454145E-01,3.106738272979865E-03,1.610406282704858E-04,-9.135217669090678E-04
2457386.500000000,8.525246479818797E+00,-3.187861131759076E+01,9.441288317546765E-01,3.088706192998094E-03,1.591515488157874E-04,-9.009435161137796E-04
2457416.500000000,8.618096416606384E+00,-3.187372089802189E+01,9.167197120855917E-01,3.088247509837367E-03,1.559336024295201E-04,-9.211493225824067E-04
2457446.500000000,8.710868767189776E+00,-3.186860433146367E+01,8.893316957451267E-01,3.101813041819083E-03,1.806506417249813E-04,-9.211164267764371E-04
2457476.500000000,8.803580287969101E+00,-3.186327653703648E+01,8.619083065035046E-01,3.088551256312179E-03,1.884474667456529E-04,-9.015418818992658E-04
2457506.500000000,8.896262828186373E+00,-3.185768980431391E+01,8.344690465154294E-01,3.078744684309300E-03,1.794069147314956E-04,-9.149898505577584E-04
2457536.500000000,8.988875855672392E+00,-3.185186056485304E+01,8.070582665974083E-01,3.093407954391635E-03,1.983000237918682E-04,-9.263155488435779E-04
2457566.500000000,9.081411732617303E+00,-3.184582701525118E+01,7.796279669279399E-01,3.088529135975638E-03,2.156734081037284E-04,-9.059994312275003E-04
2457596.500000000,9.173914999799896E+00,-3.183954897705624E+01,7.521657021253628E-01,3.071963714464766E-03,2.060812085190308E-04,-9.085186925854153E-04
2457626.500000000,9.266363595346084E+00,-3.183301470219072E+01,7.247280884851087E-01,3.082578066302258E-03,2.156962687850974E-04,-9.277031744959554E-04
2457656.500000000,9.358726269561929E+00,-3.182627139715871E+01,6.972909690419066E-01,3.087013307045478E-03,2.397144794311107E-04,-9.131178465838416E-04
2457686.500000000,9.451043422683439E+00,-3.181929901395053E+01,6.698141278788045E-01,3.068226810557447E-03,2.351162427927946E-04,-9.039671873508770E-04
2457716.500000000,9.543316579150737E+00,-3.181206331348879E+01,6.423487394226738E-01,3.070717135188781E-03,2.348433196691020E-04,-9.250089920875054E-04
2457746.500000000,9.635500993191657E+00,-3.180460836274485E+01,6.149021490793912E-01,3.082391541772059E-03,2.602711770834007E-04,-9.208084612674816E-04
2457776.500000000,9.727622598198080E+00,-3.179694214901704E+01,5.874189522428812E-01,3.066744471018766E-03,2.644513476709706E-04,-9.029374264565721E-04
2457806.500000000,9.819708905415723E+00,-3.178901763839186E+01,5.599286124017107E-01,3.059824754341742E-03,2.567875612380864E-04,-9.192536413501842E-04
2457836.500000000,9.911716822238175E+00,-3.178085871411260E+01,5.324676738714346E-01,3.074547333708529E-03,2.781317987008042E-04,-9.268191857093447E-04
2457866.500000000,1.000364800772055E+01,-3.177249573784259E+01,5.049831678403401E-01,3.066376349481172E-03,2.923814113121775E-04,-9.059215527555807E-04
2457896.500000000,1.009554364587299E+01,-3.176388239695092E+01,4.774737995716077E-01,3.051491015757759E-03,2.823560481628054E-04,-9.124015628024166E-04
2457926.500000000,1.018737214064440E+01,-3.175501651088759E+01,4.499940090871556E-01,3.063780460431862E-03,2.953885957073863E-04,-9.293840867523904E-04
2457956.500000000,1.027910888685700E+01,-3.174594503578096E+01,4.225100574929998E-01,3.064829304569252E-03,3.175809063012726E-04,-9.120901969380796E-04
2457986.500000000,1.037079725905186E+01,-3.173664040112642E+01,3.949902547787974E-01,3.045933334164203E-03,3.106494962334476E-04,-9.067256714836407E-04
2458016.500000000,1.046243035164663E+01,-3.172707631603353E+01,3.674896414696925E-01,3.051282230599752E-03,3.135466568102085E-04,-9.278113071048402E-04
2458046.500000000,1.055396811974646E+01,-3.171730010569500E+01,3.400042821725650E-01,3.060667443920167E-03,3.390576497727639E-04,-9.196202933096380E-04
2458076.500000000,1.064544338892145E+01,-3.170730836117521E+01,3.124821686297070E-01,3.043158418373777E-03,3.399044993592311E-04,-9.041443071115718E-04
2458106.500000000,1.073687433703634E+01,-3.169705615647628E+01,2.849617813617302E-01,3.039213511988987E-03,3.343067786660038E-04,-9.227069529333281E-04
2458136.500000000,1.082821503536143E+01,-3.168657558210962E+01,2.574704781595695E-01,3.053209858838782E-03,3.576279458959832E-04,-9.262238747681302E-04
2458166.500000000,1.091947486870246E+01,-3.167588997479611E+01,2.299525168924811E-01,3.041792449464651E-03,3.684460719463426E-04,-9.055434733223194E-04
2458196.500000000,1.101069075008729E+01,-3.166495263368925E+01,2.024176923643688E-01,3.028994828720112E-03,3.584941899325948E-04,-9.157429657679369E-04
2458226.500000000,1.110182695016602E+01,-3.165377215953722E+01,1.749159014373783E-01,3.042460207774197E-03,3.746137627541414E-04,-9.298846753578412E-04
2458256.500000000,1.119286860709058E+01,-3.164239092128749E+01,1.474051530978787E-01,3.040065883096360E-03,3.943782659480796E-04,-9.105543634209321E-04
2458286.500000000,1.128386060942149E+01,-3.163077317927021E+01,1.198634816489179E-01,3.021783539631646E-03,3.856866098226622E-04,-9.091939271643319E-04
2458316.500000000,1.137478762731109E+01,-3.161889910516617E+01,9.234771097959142E-02,3.029728584242075E-03,3.920490789096684E-04,-9.295189928334290E-04
2458346.500000000,1.146561241680388E+01,-3.160681587041890E+01,6.484310371841662E-02,3.036262698603525E-03,4.170423396353957E-04,-9.176467202964212E-04
2458376.500000000,1.155637083878748E+01,-3.159451162937555E+01,3.730308945143589E-02,3.017351156483808E-03,4.147837121849530E-04,-9.051601904676516E-04
2458406.500000000,1.164707208208027E+01,-3.158194764273172E+01,9.773556054447591E-03,3.016369827811634E-03,4.116954459003051E-04,-9.252582450551369E-04
2458436.500000000,1.173767003643034E+01,-3.156916369088415E+01,-1.772836740565497E-02,3.028965703224066E-03,4.362873186784843E-04,-9.245953055768978E-04
2458466.500000000,1.182818342099046E+01,-3.155617615341687E+01,-4.525927977262607E-02,3.014703035315254E-03,4.434559034452595E-04,-9.049387046685868E-04
2458496.500000000,1.191864581671818E+01,-3.154293747796283E+01,-7.279879691942506E-02,3.004469174159430E-03,4.342836782047694E-04,-9.184757185916974E-04
2458526.500000000,1.200901703088468E+01,-3.152946370908964E+01,-1.003032423916168E-01,3.018474449363638E-03,4.532333176139598E-04,-9.292370313366957E-04
2458556.500000000,1.209929006836695E+01,-3.151579135128745E+01,-1.278211697237998E-01,3.012558702187043E-03,4.701414145073787E-04,-9.086137062952032E-04
2458586.500000000,1.218950831058116E+01,-3.150187865389703E+01,-1.553638845441759E-01,2.995367787553570E-03,4.603258760108359E-04,-9.113045667027471E-04
2458616.500000000,1.227964687843359E+01,-3.148771521219012E+01,-1.828747798685362E-01,3.005355983907108E-03,4.700818109440291E-04,-9.300842948100287E-04
2458646.500000000,1.236967455360571E+01,-3.147334996735979E+01,-2.103790401015558E-01,3.008671949525786E-03,4.936951165873063E-04,-9.149914049020545E-04
2458676.500000000,1.245963292309006E+01,-3.145876290852614E+01,-2.379162070679390E-01,2.989068582043728E-03,4.885899777809428E-04,-9.059799474848128E-04
2458706.500000000,1.254952322235129E+01,-3.144392063197483E+01,-2.654347076870414E-01,2.991091432113888E-03,4.883600823415969E-04,-9.268490049223687E-04
2458736.500000000,1.263930166659040E+01,-3.142886708849955E+01,-2.929284015061995E-01,3.001824813581461E-03,5.136047867563886E-04,-9.220409011406087E-04
2458766.500000000,1.272899450835189E+01,-3.141360759383253E+01,-3.204524489122049E-01,2.985175281608659E-03,5.172817469807206E-04,-9.041608724417209E-04
2458796.500000000,1.281862613256971E+01,-3.139809485973034E+01,-3.479763425039226E-01,2.977664929856796E-03,5.096022242215850E-04,-9.205091688265325E-04
2458826.500000000,1.290815124066486E+01,-3.138235505542517E+01,-3.754643354795444E-01,2.991434501614704E-03,5.309061815016476E-04,-9.274750105445992E-04
2458856.500000000,1.299757153902057E+01,-3.136641972648311E+01,-4.029697203074795E-01,2.982004531729397E-03,5.445064098470813E-04,-9.063449772511520E-04
2458886.500000000,1.308692806437240E+01,-3.135024484564397E+01,-4.304927295252374E-01,2.966411396880309E-03,5.340570381715052E-04,-9.129857073969678E-04
2458916.500000000,1.317619075701153E+01,-3.133383090766658E+01,-4.579794285258076E-01,2.978039051932693E-03,5.469815276740714E-04,-9.295099838315537E-04
2458946.500000000,1.326533805142991E+01,-3.131722370199915E+01,-4.854645021237420E-01,2.977991116539841E-03,5.685905261675371E-04,-9.117785649537817E-04
2458976.500000000,1.335441404132895E+01,-3.130039334849727E+01,-5.129787518114969E-01,2.958360898085281E-03,5.611423772467110E-04,-9.065888817251706E-04
2459006.500000000,1.344341047280391E+01,-3.128331275521159E+01,-5.404668725794729E-01,2.963181521451510E-03,5.640979760568729E-04,-9.274265119438984E-04
2459036.500000000,1.353228567208091E+01,-3.126602817325216E+01,-5.679337517822950E-01,2.971420779309921E-03,5.893214937640173E-04,-9.186464761809819E-04
2459066.500000000,1.362107042649751E+01,-3.124853641033836E+01,-5.954308768041807E-01,2.952803220098975E-03,5.895212501292999E-04,-9.032228437289012E-04
2459096.500000000,1.370978127417968E+01,-3.123079530050789E+01,-6.229190421568951E-01,2.948207598300322E-03,5.837493064034916E-04,-9.217566877794409E-04
2459126.500000000,1.379837246314496E+01,-3.121283923977027E+01,-6.503718968397505E-01,2.961164334968665E-03,6.067746264336797E-04,-9.246604953329136E-04
2459156.500000000,1.388685508646511E+01,-3.119469229309341E+01,-6.778454632281677E-01,2.948562456368116E-03,6.167616376260727E-04,-9.038399313548484E-04
2459186.500000000,1.397526717798752E+01,-3.117630789157853E+01,-7.053290196374002E-01,2.935151809418367E-03,6.063996350133428E-04,-9.141810358973084E-04
2459216.500000000,1.406357266088085E+01,-3.115769432000375E+01,-7.327731470672856E-01,2.947820108671961E-03,6.223763607031529E-04,-9.278095820710680E-04
2459246.500000000,1.415175634119436E+01,-3.113889346745805E+01,-7.602204746485386E-01,2.944166783684821E-03,6.414262055113586E-04,-9.081119476023311E-04
2459276.500000000,1.423986232770954E+01,-3.111986993435390E+01,-7.876919348518097E-01,2.925039113650031E-03,6.321098049157635E-04,-9.069369234265282E-04
2459306.500000000,1.432787378521704E+01,-3.110060596723168E+01,-8.151305584717023E-01,2.932262790128416E-03,6.382546935786455E-04,-9.269347046707682E-04
2459336.500000000,1.441575446557029E+01,-3.108115098635115E+01,-8.425521912893935E-01,2.937600527693268E-03,6.625335776361290E-04,-9.145208226972747E-04
2459366.500000000,1.450354283386251E+01,-3.106149331828145E+01,-8.700029560072636E-01,2.917770859248224E-03,6.593793904613095E-04,-9.021521105748890E-04
2459396.500000000,1.459124863352766E+01,-3.104159376512085E+01,-8.974363803052371E-01,2.916283525832022E-03,6.559868095496620E-04,-9.221595826140063E-04
2459426.500000000,1.467882610397603E+01,-3.102149150213446E+01,-9.248364277186805E-01,2.927909981457904E-03,6.801417944465623E-04,-9.208900499079512E-04
2459456.500000000,1.476629405542890E+01,-3.100120074510327E+01,-9.522596594763932E-01,2.912535540123959E-03,6.864785225460946E-04,-9.011721837206187E-04
2459486.500000000,1.485368289426200E+01,-3.098067361386375E+01,-9.796845292596934E-01,2.901609505200739E-03,6.768972233453211E-04,-9.148023387551101E-04
2459516.500000000,1.494094989679965E+01,-3.095992930810302E+01,-1.007068022995485E+00,2.914637289170171E-03,6.954729527867656E-04,-9.250057825806560E-04
2459546.500000000,1.502808896954098E+01,-3.093900673060291E+01,-1.034459307579181E+00,2.907415476395413E-03,7.113727282737010E-04,-9.040947904646868E-04
2459576.500000000,1.511514431788474E+01,-3.091786603119972E+01,-1.061868661305863E+00,2.889451387347447E-03,7.006919724107376E-04,-9.069771654882928E-04
2459606.500000000,1.520209268527280E+01,-3.089649943218760E+01,-1.089239778986945E+00,2.898803534392745E-03,7.099615919288957E-04,-9.253731280841646E-04
2459636.500000000,1.528890630969416E+01,-3.087495523387423E+01,-1.116598937619488E+00,2.901041998627984E-03,7.326602468768416E-04,-9.098019719960908E-04
2459666.500000000,1.537562760636587E+01,-3.085321085800157E+01,-1.143984835012869E+00,2.880639529765750E-03,7.265944877420976E-04,-9.009538481556260E-04
2459696.500000000,1.546225624658921E+01,-3.083123285878844E+01,-1.171345402622187E+00,2.882150076734965E-03,7.259555916368228E-04,-9.216585232110671E-04
2459726.500000000,1.554874785140703E+01,-3.080906559045651E+01,-1.198675533056282E+00,2.891833026357596E-03,7.505131425868084E-04,-9.162529126779849E-04
2459756.500000000,1.563512806728316E+01,-3.078671469583228E+01,-1.226030054864579E+00,2.874120525563305E-03,7.530607300111891E-04,-8.983838682201366E-04
2459786.500000000,1.572142090885713E+01,-3.076413541678296E+01,-1.253377652239458E+00,2.866084039960283E-03,7.446949067685286E-04,-9.147805244763981E-04
2459816.500000000,1.580758272270301E+01,-3.074135572745637E+01,-1.280683584289079E+00,2.879048941597856E-03,7.653448799386341E-04,-9.211689512217414E-04
2459846.500000000,1.589361718065090E+01,-3.071840641282948E+01,-1.308001563636683E+00,2.868573621256872E-03,7.777588431590550E-04,-8.998447240633532E-04
2459876.500000000,1.597956577652089E+01,-3.069524283510367E+01,-1.335330828723026E+00,2.852466019526942E-03,7.664584262976124E-04,-9.066729040572066E-04
2459906.500000000,1.606539779182705E+01,-3.067186552203727E+01,-1.362617780153930E+00,2.863479993895829E-03,7.788848754921559E-04,-9.227509937412547E-04
2459936.500000000,1.615109085403487E+01,-3.064832046931602E+01,-1.389897824267498E+00,2.862305355366168E-03,7.994074933798597E-04,-9.046044970848704E-04
2459966.500000000,1.623668873284945E+01,-3.062457939396580E+01,-1.417200843845046E+00,2.841937697107533E-03,7.908076827638201E-04,-8.996089715035505E-04
2459996.500000000,1.632218356530422E+01,-3.060061800947235E+01,-1.444471319393638E+00,2.846294030036509E-03,7.930748034147712E-04,-9.202091598541573E-04
2460026.500000000,1.640753592999330E+01,-3.057648452500044E+01,-1.471715285583066E+00,2.853636919995182E-03,8.171996660231726E-04,-9.108721531878091E-04
2460056.500000000,1.649278026935782E+01,-3.055217543033167E+01,-1.498983960766764E+00,2.834348303784299E-03,8.160368606633136E-04,-8.955420580526451E-04
2460086.500000000,1.657793491846195E+01,-3.052764706865473E+01,-1.526237447568188E+00,2.829565774550434E-03,8.095334983162755E-04,-9.140715490848812E-04
2460116.500000000,1.666295425198466E+01,-3.050293243627182E+01,-1.553450335261336E+00,2.841917271304545E-03,8.318038928376725E-04,-9.163903917604060E-04
2460146.500000000,1.674784940698290E+01,-3.047805370871540E+01,-1.580678782426654E+00,2.828498626931222E-03,8.405625844252826E-04,-8.954611347595079E-04
2460176.500000000,1.683265652407064E+01,-3.045296383813467E+01,-1.607910916278807E+00,2.814726693791392E-03,8.293555067311365E-04,-9.059568855684035E-04
2460206.500000000,1.691733759871265E+01,-3.042767383856726E+01,-1.635097830470613E+00,2.826859149280978E-03,8.446316757025543E-04,-9.190898372835012E-04
2460236.500000000,1.700187907347771E+01,-3.040222779228689E+01,-1.662282992876362E+00,2.822321183423329E-03,8.623565233481385E-04,-8.990626165104176E-04
2460266.500000000,1.708632718014227E+01,-3.037659081896730E+01,-1.689486436064060E+00,2.802805799684843E-03,8.518244024630742E-04,-8.981077083110664E-04
2460296.500000000,1.717066638754431E+01,-3.035074645142657E+01,-1.716651254804736E+00,2.809850958755490E-03,8.572235861491729E-04,-9.178105958858836E-04
2460326.500000000,1.725486323261147E+01,-3.032474344869023E+01,-1.743794445240017E+00,2.814555999109929E-03,8.803712738665993E-04,-9.048965648245040E-04
2460356.500000000,1.733895733439472E+01,-3.029856731953556E+01,-1.770961423882188E+00,2.794282662061718E-03,8.759521947362446E-04,-8.926780980444699E-04
2460386.500000000,1.742295685432794E+01,-3.027217900211822E+01,-1.798105011417392E+00,2.792716606312908E-03,8.718372124996379E-04,-9.126130030264801E-04
2460416.500000000,1.750681619635171E+01,-3.024561903845959E+01,-1.825210233123212E+00,2.803828397865079E-03,8.950612305169877E-04,-9.107624203386582E-04
2460446.500000000,1.759055560515412E+01,-3.021890137997329E+01,-1.852333580103121E+00,2.787879114595721E-03,8.999984363231622E-04,-8.910190500326625E-04
2460476.500000000,1.767420633749367E+01,-3.019197923066011E+01,-1.879452613580924E+00,2.776966418917733E-03,8.894636609232433E-04,-9.047758016563733E-04
2460506.500000000,1.775772797704157E+01,-3.016487242497197E+01,-1.906525242907227E+00,2.789844663199796E-03,9.072657888926307E-04,-9.144604425400671E-04
2460536.500000000,1.784111680671770E+01,-3.013761699823067E+01,-1.933601211734525E+00,2.782136607526171E-03,9.219120625984639E-04,-8.933110156200762E-04
2460566.500000000,1.792441666294734E+01,-3.011017084914642E+01,-1.960689741643871E+00,2.764147359447971E-03,9.102577124173358E-04,-8.964224048060028E-04
2460596.500000000,1.800760276704354E+01,-3.008252608724452E+01,-1.987734694366535E+00,2.773471202746678E-03,9.189829614045222E-04,-9.144582702630906E-04
2460626.500000000,1.809064637728983E+01,-3.005473085555421E+01,-2.014763178708817E+00,2.775121658651628E-03,9.405968700656769E-04,-8.984414934687781E-04
2460656.500000000,1.817358958704078E+01,-3.002676395766928E+01,-2.041813098196881E+00,2.754449360088351E-03,9.332832334324631E-04,-8.897917800098311E-04
2460686.500000000,1.825643310874455E+01,-2.999859472439788E+01,-2.068832089474402E+00,2.756089543233446E-03,9.319077013334140E-04,-9.103612165121881E-04
2460716.500000000,1.833913540459142E+01,-2.997026822322913E+01,-2.095816203914576E+00,2.765488422468682E-03,9.554457078003769E-04,-9.044040072959599E-04
2460746.500000000,1.842172561299127E+01,-2.994178852167744E+01,-2.122820132566866E+00,2.747604323309707E-03,9.566614220779486E-04,-8.866005354544074E-04
2460776.500000000,1.850422940455886E+01,-2.991310864362315E+01,-2.149811760742960E+00,2.739929842834953E-03,9.475981252218296E-04,-9.030812506250334E-04
2460806.500000000,1.858660269353775E+01,-2.988425420503216E+01,-2.176757116632171E+00,2.752876232975088E-03,9.676434486759480E-04,-9.089260368146352E-04
2460836.500000000,1.866884864487587E+01,-2.985525400660626E+01,-2.203710189393548E+00,2.742075055154446E-03,9.789347546454359E-04,-8.874479378960206E-04
2460866.500000000,1.875100759966690E+01,-2.982606296461910E+01,-2.230669132532265E+00,2.726131293452359E-03,9.668446763504604E-04,-8.944896792916156E-04
2460896.500000000,1.883304748881566E+01,-2.979668302153275E+01,-2.257580695399916E+00,2.737232562984724E-03,9.787573482801107E-04,-9.101509375704879E-04
2460926.500000000,1.891494749858419E+01,-2.976716102980302E+01,-2.284481258688303E+00,2.735735356418318E-03,9.982040923849683E-04,-8.916399674128785E-04
2460956.500000000,1.899675361962335E+01,-2.973746767601589E+01,-2.311399955117414E+00,2.715479494166020E-03,9.886130334714539E-04,-8.868850754466042E-04
2460986.500000000,1.907845799157544E+01,-2.970757784225857E+01,-2.338281062333865E+00,2.720179675134285E-03,9.904492713281895E-04,-9.072864250807505E-04
2461016.500000000,1.916002175877676E+01,-2.967753858487784E+01,-2.365131722154139E+00,2.727344278928347E-03,1.013814580407716E-03,-8.974376675754750E-04
2461046.500000000,1.924147957766648E+01,-2.964734410044082E+01,-2.392002637200767E+00,2.707961883177049E-03,1.011666412757213E-03,-8.822368506249321E-04
2461076.500000000,1.932284750780577E+01,-2.961695094119458E+01,-2.418853009823293E+00,2.703490019915656E-03,1.004693259546185E-03,-9.007844131178201E-04
2461106.500000000,1.940407973314379E+01,-2.958639413780158E+01,-2.445658431163782E+00,2.715773494228793E-03,1.026356603701955E-03,-9.025507515471917E-04
2461136.500000000,1.948518987474834E+01,-2.955569564310928E+01,-2.472475282964492E+00,2.702170463186138E-03,1.034027625244306E-03,-8.815556177595226E-04
2461166.500000000,1.956621519418139E+01,-2.952480791002861E+01,-2.499290705678908E+00,2.688800525194127E-03,1.022162867896600E-03,-8.922462497908691E-04
2461196.500000000,1.964711915996863E+01,-2.949374148933619E+01,-2.526056514805422E+00,2.701228440118191E-03,1.037075494976413E-03,-9.049259332609933E-04
2461226.500000000,1.972789008198798E+01,-2.946253679487407E+01,-2.552816918901512E+00,2.696558237055232E-03,1.054006370281602E-03,-8.846147551646229E-04
2461256.500000000,1.980857250502191E+01,-2.943115561866795E+01,-2.579590839100233E+00,2.677277086655511E-03,1.042878241837192E-03,-8.839144483790147E-04
2461286.500000000,1.988914787381221E+01,-2.939958152935162E+01,-2.606321307372764E+00,2.684614934164411E-03,1.048144791943947E-03,-9.033449228932542E-04
2461316.500000000,1.996958152301106E+01,-2.936786347313161E+01,-2.633026297059040E+00,2.689028431471072E-03,1.070694043572470E-03,-8.899595390030951E-04
2461346.500000000,2.004991226189572E+01,-2.933598776798562E+01,-2.659750554079825E+00,2.668678642716703E-03,1.065431089121887E-03,-8.779272601853500E-04
2461376.500000000,2.013014849206540E+01,-2.930391781447219E+01,-2.686446450420272E+00,2.667488108470698E-03,1.060989261562736E-03,-8.978216509440205E-04
2461406.500000000,2.021024701163194E+01,-2.927169442477816E+01,-2.713100178569245E+00,2.678564902304545E-03,1.083732769621047E-03,-8.954298759920742E-04
2461436.500000000,2.029023012924694E+01,-2.923932934601767E+01,-2.739768184995549E+00,2.662543875031249E-03,1.087813881151038E-03,-8.757087859275445E-04
2461466.500000000,2.037012916629290E+01,-2.920677394146414E+01,-2.766427076111332E+00,2.652083730899386E-03,1.076972531235736E-03,-8.896219289508715E-04
2461496.500000000,2.044990260551712E+01,-2.917404644459939E+01,-2.793035396303894E+00,2.665084528888455E-03,1.094648842767896E-03,-8.988074486455457E-04
2461526.500000000,2.052954556503458E+01,-2.914118170848440E+01,-2.819643287764757E+00,2.657105443534692E-03,1.108604332939013E-03,-8.774495281562728E-04
2461556.500000000,2.060910089144269E+01,-2.910813800063900E+01,-2.846258936294700E+00,2.639337055338145E-03,1.096477713137592E-03,-8.808136871609820E-04
2461586.500000000,2.068854332292044E+01,-2.907490849835855E+01,-2.872826430019427E+00,2.648905325600808E-03,1.105120251251638E-03,-8.985104759469995E-04
2461616.500000000,2.076784535602027E+01,-2.904154131767695E+01,-2.899373919253498E+00,2.650334576766998E-03,1.126159495657772E-03,-8.820895567344622E-04
2461646.500000000,2.084705056216321E+01,-2.900801350941867E+01,-2.925938657410996E+00,2.629785724332348E-03,1.118271157558644E-03,-8.736781587592230E-04
2461676.500000000,2.092615863279262E+01,-2.897429251740312E+01,-2.952467858420194E+00,2.631796750157815E-03,1.116940098612755E-03,-8.941346368608808E-04
2461706.500000000,2.100512632853602E+01,-2.894042238824597E+01,-2.978958586111030E+00,2.640990417776337E-03,1.140251157386106E-03,-8.876527109862315E-04
2461736.500000000,2.108398153637884E+01,-2.890640635461468E+01,-3.005465196691060E+00,2.622879237044949E-03,1.140874954112292E-03,-8.699392907774767E-04
2461766.500000000,2.116274748546004E+01,-2.887219846883780E+01,-3.031954575772513E+00,2.615407749680620E-03,1.131684527045786E-03,-8.865130347531454E-04
2461796.500000000,2.124137945764127E+01,-2.883782735220003E+01,-3.058393645701042E+00,2.628236284608898E-03,1.151537480268679E-03,-8.918337211369595E-04
2461826.500000000,2.131988335984014E+01,-2.880332256382876E+01,-3.084836866428719E+00,2.617148132076822E-03,1.162102491039414E-03,-8.702368417563246E-04
2461856.500000000,2.139830115515810E+01,-2.876863786334995E+01,-3.111281372276840E+00,2.601477087915041E-03,1.149664596675802E-03,-8.775197995402047E-04
2461886.500000000,2.147660128583865E+01,-2.873377445683525E+01,-3.137674377188329E+00,2.612794474899236E-03,1.161607448831818E-03,-8.927890026283585E-04
2461916.500000000,2.155476393205247E+01,-2.869877637904085E+01,-3.164053123011425E+00,2.611032427417998E-03,1.180647791598525E-03,-8.739423020075130E-04
2461946.500000000,2.163283313021590E+01,-2.866361114599369E+01,-3.190445661794709E+00,2.590794767008234E-03,1.170733336372800E-03,-8.694441800576328E-04
2461976.500000000,2.171079743480815E+01,-2.862825441846905E+01,-3.216795980168668E+00,2.595648073362330E-03,1.172723890873925E-03,-8.896521450029780E-04
2462006.500000000,2.178861708099312E+01,-2.859275463772996E+01,-3.243112324853805E+00,2.602420632686705E-03,1.195834062477549E-03,-8.793080457776259E-04
2462036.500000000,2.186632655168917E+01,-2.855710622753370E+01,-3.269444906241861E+00,2.582766545392065E-03,1.193115600572570E-03,-8.642615065469516E-04
2462066.500000000,2.194394165126810E+01,-2.852126753336938E+01,-3.295752303359496E+00,2.578500377431892E-03,1.186091563017105E-03,-8.828472581101825E-04
2462096.500000000,2.202141813544289E+01,-2.848527404891972E+01,-3.322011243123343E+00,2.590615510476845E-03,1.207655120873593E-03,-8.840855963327335E-04
2462126.500000000,2.209877052693269E+01,-2.844914528798436E+01,-3.348278175348250E+00,2.576658611292182E-03,1.214781637076809E-03,-8.630545124427652E-04
2462156.500000000,2.217603465842162E+01,-2.841283274611041E+01,-3.374539142511325E+00,2.563422055321116E-03,1.202803356634493E-03,-8.739527618597201E-04
2462186.500000000,2.225317251125819E+01,-2.837634747595227E+01,-3.400746487822841E+00,2.575759886921443E-03,1.217829746102569E-03,-8.861814148001238E-04
2462216.500000000,2.233017162152819E+01,-2.833972986442233E+01,-3.426944964976837E+00,2.570554984593813E-03,1.234270414426885E-03,-8.656016681067218E-04
2462246.500000000,2.240707627000264E+01,-2.830294283800038E+01,-3.453152517632621E+00,2.551211548784991E-03,1.222748422197360E-03,-8.651708990371441E-04
2462276.500000000,2.248386864313377E+01,-2.826597143818307E+01,-3.479312310394302E+00,2.558650359057403E-03,1.228096763205828E-03,-8.843393514717917E-04
2462306.500000000,2.256051562185422E+01,-2.822886375902792E+01,-3.505443393642756E+00,2.562672096402561E-03,1.250311571471544E-03,-8.705112331260451E-04
2462336.500000000,2.263705698900060E+01,-2.819160380438644E+01,-3.531589936796399E+00,2.542165137596561E-03,1.244613960974137E-03,-8.586931770881102E-04
2462366.500000000,2.271349976922998E+01,-2.815415314515907E+01,-3.557703732255320E+00,2.541125613903970E-03,1.240380911726425E-03,-8.785525401671106E-04
2462396.500000000,2.278979799125274E+01,-2.811655173683247E+01,-3.583771879980997E+00,2.551777325371940E-03,1.263128381599422E-03,-8.756288906123888E-04
2462426.500000000,2.286597199840005E+01,-2.807881152222020E+01,-3.609850665775420E+00,2.535203725208900E-03,1.266726334804496E-03,-8.559442797340006E-04
2462456.500000000,2.294205130061478E+01,-2.804088581811620E+01,-3.635915705103024E+00,2.524672360852331E-03,1.255821301419018E-03,-8.700136316072187E-04
2462486.500000000,2.301799375311661E+01,-2.800279601440038E+01,-3.661926303810382E+00,2.537355384519309E-03,1.273459475070830E-03,-8.787107950415368E-04
