# NASA/JPL Horizons target 799, center 500@10, ECLIPTIC/ICRF, AU-D
# Encounter anchors plus 2030 endpoint; retrieved 2026-09-21.
julian_date,x_au,y_au,z_au
2443376.500000000,-1.392407552183634E+01,-1.231270820957456E+01,1.349620259564468E-01
2444063.500000000,-1.201459211778772E+01,-1.432436947825104E+01,1.027903133562075E-01
2444841.500000000,-9.540543349424386E+00,-1.623499345640331E+01,6.365870409368050E-02
2446454.500000000,-3.670942247016346E+00,-1.876660433795516E+01,-2.197890759973743E-02
2447763.500000000,1.413193328263460E+00,-1.930511154633287E+01,-8.997296645823080E-02
2458427.500000000,1.713190620427786E+01,1.006101626754220E+01,-1.844807774540823E-01
2462502.500000000,4.528821477559487E+00,1.867886788054209E+01,1.064722159562951E-02
